> Task :expo-gradle-plugin:expo-autolinking-settings-plugin:checkKotlinGradlePluginConfigurationErrors SKIPPED
> Task :expo-gradle-plugin:expo-autolinking-plugin-shared:checkKotlinGradlePluginConfigurationErrors SKIPPED
> Task :gradle-plugin:settings-plugin:checkKotlinGradlePluginConfigurationErrors SKIPPED
> Task :gradle-plugin:shared:checkKotlinGradlePluginConfigurationErrors SKIPPED
> Task :expo-gradle-plugin:expo-autolinking-settings-plugin:pluginDescriptors UP-TO-DATE
> Task :gradle-plugin:settings-plugin:pluginDescriptors UP-TO-DATE
> Task :gradle-plugin:settings-plugin:processResources UP-TO-DATE
> Task :expo-gradle-plugin:expo-autolinking-settings-plugin:processResources UP-TO-DATE
> Task :gradle-plugin:shared:compileKotlin UP-TO-DATE
> Task :expo-gradle-plugin:expo-autolinking-plugin-shared:compileKotlin UP-TO-DATE
> Task :gradle-plugin:shared:compileJava NO-SOURCE
> Task :expo-gradle-plugin:expo-autolinking-plugin-shared:compileJava NO-SOURCE
> Task :gradle-plugin:shared:processResources NO-SOURCE
> Task :gradle-plugin:shared:classes UP-TO-DATE
> Task :expo-gradle-plugin:expo-autolinking-plugin-shared:processResources NO-SOURCE
> Task :expo-gradle-plugin:expo-autolinking-plugin-shared:classes UP-TO-DATE
> Task :gradle-plugin:shared:jar UP-TO-DATE
> Task :expo-gradle-plugin:expo-autolinking-plugin-shared:jar UP-TO-DATE
> Task :gradle-plugin:settings-plugin:compileKotlin UP-TO-DATE
> Task :gradle-plugin:settings-plugin:compileJava NO-SOURCE
> Task :gradle-plugin:settings-plugin:classes UP-TO-DATE
> Task :gradle-plugin:settings-plugin:jar UP-TO-DATE
> Task :expo-gradle-plugin:expo-autolinking-settings-plugin:compileKotlin UP-TO-DATE
> Task :expo-gradle-plugin:expo-autolinking-settings-plugin:compileJava NO-SOURCE
> Task :expo-gradle-plugin:expo-autolinking-settings-plugin:classes UP-TO-DATE
> Task :expo-gradle-plugin:expo-autolinking-settings-plugin:jar UP-TO-DATE
> Task :expo-gradle-plugin:expo-autolinking-plugin:checkKotlinGradlePluginConfigurationErrors SKIPPED
> Task :expo-gradle-plugin:expo-max-sdk-override-plugin:checkKotlinGradlePluginConfigurationErrors SKIPPED
> Task :gradle-plugin:react-native-gradle-plugin:checkKotlinGradlePluginConfigurationErrors SKIPPED
> Task :expo-dev-launcher-gradle-plugin:checkKotlinGradlePluginConfigurationErrors SKIPPED
> Task :expo-dev-launcher-gradle-plugin:pluginDescriptors UP-TO-DATE
> Task :expo-module-gradle-plugin:checkKotlinGradlePluginConfigurationErrors SKIPPED
> Task :expo-dev-launcher-gradle-plugin:processResources UP-TO-DATE
> Task :expo-module-gradle-plugin:pluginDescriptors UP-TO-DATE
> Task :expo-module-gradle-plugin:processResources UP-TO-DATE
> Task :expo-gradle-plugin:expo-max-sdk-override-plugin:compileKotlin UP-TO-DATE
> Task :expo-gradle-plugin:expo-autolinking-plugin:compileKotlin UP-TO-DATE
> Task :expo-gradle-plugin:expo-max-sdk-override-plugin:compileJava NO-SOURCE
> Task :expo-gradle-plugin:expo-autolinking-plugin:compileJava NO-SOURCE
> Task :expo-gradle-plugin:expo-max-sdk-override-plugin:pluginDescriptors UP-TO-DATE
> Task :expo-gradle-plugin:expo-autolinking-plugin:pluginDescriptors UP-TO-DATE
> Task :gradle-plugin:react-native-gradle-plugin:compileKotlin UP-TO-DATE
> Task :expo-gradle-plugin:expo-max-sdk-override-plugin:processResources UP-TO-DATE
> Task :expo-gradle-plugin:expo-autolinking-plugin:processResources UP-TO-DATE
> Task :expo-gradle-plugin:expo-autolinking-plugin:classes UP-TO-DATE
> Task :gradle-plugin:react-native-gradle-plugin:compileJava NO-SOURCE
> Task :gradle-plugin:react-native-gradle-plugin:pluginDescriptors UP-TO-DATE
> Task :expo-gradle-plugin:expo-max-sdk-override-plugin:classes UP-TO-DATE
> Task :gradle-plugin:react-native-gradle-plugin:processResources UP-TO-DATE
> Task :gradle-plugin:react-native-gradle-plugin:classes UP-TO-DATE
> Task :expo-gradle-plugin:expo-autolinking-plugin:jar UP-TO-DATE
> Task :gradle-plugin:react-native-gradle-plugin:jar UP-TO-DATE
> Task :expo-gradle-plugin:expo-max-sdk-override-plugin:jar UP-TO-DATE
> Task :expo-dev-launcher-gradle-plugin:compileKotlin UP-TO-DATE
> Task :expo-dev-launcher-gradle-plugin:compileJava NO-SOURCE
> Task :expo-dev-launcher-gradle-plugin:classes UP-TO-DATE
> Task :expo-module-gradle-plugin:compileKotlin UP-TO-DATE
> Task :expo-module-gradle-plugin:compileJava NO-SOURCE
> Task :expo-module-gradle-plugin:classes UP-TO-DATE
> Task :expo-dev-launcher-gradle-plugin:jar UP-TO-DATE
> Task :expo-module-gradle-plugin:jar UP-TO-DATE

> Configure project :
[32m[ExpoRootProject][0m Using the following versions:
  - buildTools:  [32m36.0.0[0m
  - minSdk:      [32m24[0m
  - compileSdk:  [32m36[0m
  - targetSdk:   [32m36[0m
  - ndk:         [32m27.1.12297006[0m
  - kotlin:      [32m2.1.20[0m
  - ksp:         [32m2.1.20-2.0.1[0m

> Configure project :app
 ℹ️  [33mApplying gradle plugin[0m '[32mexpo-max-sdk-override-plugin[0m'
  [expo-max-sdk-override-plugin] This plugin will find all permissions declared with `android:maxSdkVersion`. If there exists a declaration with the `android:maxSdkVersion` annotation and another one without, the plugin will remove the annotation from the final merged manifest. In order to see a log with the changes run a clean build of the app.
 ℹ️  [33mApplying gradle plugin[0m '[32mexpo-dev-launcher-gradle-plugin[0m'

> Configure project :expo-modules-core
Linking react-native-worklets native libs into expo-modules-core build tasks
task ':react-native-worklets:mergeDebugNativeLibs'
task ':react-native-worklets:mergeReleaseNativeLibs'

> Configure project :expo

Using expo modules
  - [32mexpo-log-box[0m (56.0.12)
  - [32mexpo-constants[0m (56.0.16)
  - [32mexpo-dev-client[0m (56.0.16)
  - [32mexpo-dev-launcher[0m (56.0.16)
  - [32mexpo-dev-menu[0m (56.0.15)
  - [32mexpo-dev-menu-interface[0m (56.0.1)
  - [32mexpo-json-utils[0m (56.0.0)
  - [32mexpo-manifests[0m (56.0.4)
  - [32mexpo-modules-core[0m (56.0.13)
  - [32mexpo-updates-interface[0m (56.0.2)
  - [33m[📦][0m [32mexpo-dom-webview[0m (56.0.5)
  - [33m[📦][0m [32mexpo-ui[0m (56.0.14)
  - [33m[📦][0m [32mexpo-asset[0m (56.0.15)
  - [33m[📦][0m [32mexpo-device[0m (56.0.4)
  - [33m[📦][0m [32mexpo-file-system[0m (56.0.7)
  - [33m[📦][0m [32mexpo-font[0m (56.0.5)
  - [33m[📦][0m [32mexpo-image[0m (56.0.9)
  - [33m[📦][0m [32mexpo-keep-awake[0m (56.0.3)
  - [33m[📦][0m [32mexpo-linking[0m (56.0.12)
  - [33m[📦][0m [32mexpo-location[0m (56.0.22)
  - [33m[📦][0m [32mexpo-router[0m (56.2.7)
  - [33m[📦][0m [32mexpo-secure-store[0m (56.0.4)
  - [33m[📦][0m [32mexpo-splash-screen[0m (56.0.10)
  - [33m[📦][0m [32mexpo-status-bar[0m (56.0.4)
  - [33m[📦][0m [32mexpo-system-ui[0m (56.0.5)
  - [33m[📦][0m [32mexpo-web-browser[0m (56.0.5)


> Task :expo-updates-interface:preBuild UP-TO-DATE
> Task :expo-dev-menu:preBuild UP-TO-DATE
> Task :expo-modules-core:preBuild UP-TO-DATE
> Task :expo-json-utils:preBuild UP-TO-DATE
> Task :expo-log-box:preBuild UP-TO-DATE
> Task :expo-dev-menu-interface:preBuild UP-TO-DATE
> Task :expo-manifests:preBuild UP-TO-DATE
> Task :expo-dev-client:preBuild UP-TO-DATE
> Task :react-native-masked-view_masked-view:preBuild UP-TO-DATE
> Task :expo-dev-launcher:preBuild UP-TO-DATE
> Task :expo-dev-launcher:preReleaseBuild UP-TO-DATE
> Task :expo-dev-menu:preReleaseBuild UP-TO-DATE
> Task :expo-dev-menu-interface:preReleaseBuild UP-TO-DATE
> Task :expo-dev-client:preReleaseBuild UP-TO-DATE
> Task :expo-json-utils:preReleaseBuild UP-TO-DATE
> Task :expo-dev-client:generateReleaseResValues
> Task :expo-dev-menu-interface:generateReleaseResValues
> Task :expo-json-utils:generateReleaseResValues
> Task :expo-dev-launcher:generateReleaseResValues
> Task :expo-dev-menu:generateReleaseResValues
> Task :expo:generatePackagesList
> Task :expo:preBuild
> Task :expo:preReleaseBuild
> Task :expo:generateReleaseResValues
> Task :expo-dev-menu-interface:generateReleaseResources
> Task :expo-dev-client:generateReleaseResources
> Task :expo-json-utils:generateReleaseResources
> Task :expo:generateReleaseResources
> Task :expo-dev-launcher:generateReleaseResources
> Task :expo-dev-menu:generateReleaseResources
> Task :react-native-reanimated:assertMinimalReactNativeVersionTask
> Task :react-native-reanimated:assertNewArchitectureEnabledTask SKIPPED
> Task :expo-dev-client:packageReleaseResources
> Task :expo:packageReleaseResources
> Task :expo-json-utils:packageReleaseResources
> Task :expo-dev-menu:packageReleaseResources
> Task :expo-dev-menu-interface:packageReleaseResources
> Task :expo-log-box:preReleaseBuild UP-TO-DATE
> Task :expo-dev-launcher:packageReleaseResources
> Task :expo-manifests:preReleaseBuild UP-TO-DATE
> Task :react-native-masked-view_masked-view:preReleaseBuild UP-TO-DATE
> Task :expo-modules-core:preReleaseBuild UP-TO-DATE
> Task :expo-updates-interface:preReleaseBuild UP-TO-DATE
> Task :expo-updates-interface:generateReleaseResValues
> Task :expo-modules-core:generateReleaseResValues
> Task :react-native-masked-view_masked-view:generateReleaseResValues
> Task :expo-manifests:generateReleaseResValues
> Task :expo-log-box:generateReleaseResValues
> Task :expo:extractDeepLinksRelease
> Task :expo-modules-core:generateReleaseResources
> Task :expo-manifests:generateReleaseResources
> Task :expo-updates-interface:generateReleaseResources
> Task :expo-log-box:generateReleaseResources
> Task :react-native-masked-view_masked-view:generateReleaseResources
> Task :expo-updates-interface:packageReleaseResources
> Task :react-native-masked-view_masked-view:packageReleaseResources
> Task :expo-log-box:packageReleaseResources
> Task :expo-manifests:packageReleaseResources
> Task :expo-modules-core:packageReleaseResources
> Task :expo-dev-client:extractDeepLinksRelease
> Task :expo-dev-menu:extractDeepLinksRelease
> Task :expo-dev-menu-interface:extractDeepLinksRelease
> Task :expo-dev-launcher:extractDeepLinksRelease
> Task :expo-json-utils:extractDeepLinksRelease
> Task :react-native-worklets:assertMinimalReactNativeVersionTask
> Task :react-native-worklets:assertNewArchitectureEnabledTask SKIPPED
> Task :expo-dev-menu-interface:processReleaseManifest
> Task :expo-json-utils:processReleaseManifest
> Task :expo-dev-launcher:processReleaseManifest
> Task :expo-dev-menu:processReleaseManifest
> Task :expo:processReleaseManifest
> Task :expo-dev-client:processReleaseManifest
> Task :expo-modules-core:extractDeepLinksRelease
> Task :expo-manifests:extractDeepLinksRelease
> Task :expo-updates-interface:extractDeepLinksRelease
> Task :react-native-masked-view_masked-view:extractDeepLinksRelease
> Task :expo-log-box:extractDeepLinksRelease
> Task :expo:writeReleaseAarMetadata
> Task :expo-dev-client:writeReleaseAarMetadata
> Task :expo-log-box:processReleaseManifest
> Task :expo-dev-launcher:writeReleaseAarMetadata
> Task :react-native-masked-view_masked-view:processReleaseManifest
> Task :expo-manifests:processReleaseManifest
> Task :expo-updates-interface:processReleaseManifest
> Task :expo-dev-menu:writeReleaseAarMetadata
> Task :expo-dev-menu-interface:writeReleaseAarMetadata

> Task :expo-modules-core:processReleaseManifest
C:\Dev\app-client-react-native\node_modules\expo-modules-core\android\src\main\AndroidManifest.xml:8:9-11:45 Warning:
	meta-data#com.facebook.soloader.enabled@android:value was tagged at AndroidManifest.xml:8 to replace other declarations but no other declaration present

> Task :react-native-masked-view_masked-view:writeReleaseAarMetadata
> Task :expo-manifests:writeReleaseAarMetadata
> Task :expo-log-box:writeReleaseAarMetadata
> Task :expo-modules-core:writeReleaseAarMetadata
> Task :expo-json-utils:writeReleaseAarMetadata
> Task :expo-updates-interface:writeReleaseAarMetadata
> Task :expo-dev-menu:compileReleaseLibraryResources
> Task :expo-dev-launcher:compileReleaseLibraryResources
> Task :expo-json-utils:compileReleaseLibraryResources
> Task :expo-dev-client:compileReleaseLibraryResources
> Task :expo:compileReleaseLibraryResources
> Task :expo-dev-menu-interface:compileReleaseLibraryResources
> Task :react-native-reanimated:assertWorkletsVersionTask
> Task :expo-dev-menu:parseReleaseLocalResources
> Task :expo-dev-menu-interface:parseReleaseLocalResources
> Task :expo:parseReleaseLocalResources
> Task :expo-dev-launcher:parseReleaseLocalResources
> Task :expo-json-utils:parseReleaseLocalResources
> Task :expo-dev-client:parseReleaseLocalResources
> Task :expo:generateReleaseRFile
> Task :expo-json-utils:generateReleaseRFile
> Task :expo-dev-menu:generateReleaseRFile
> Task :expo-dev-client:generateReleaseRFile
> Task :expo-dev-launcher:generateReleaseRFile
> Task :react-native-masked-view_masked-view:compileReleaseLibraryResources
> Task :expo-manifests:compileReleaseLibraryResources
> Task :expo-log-box:compileReleaseLibraryResources
> Task :expo-modules-core:compileReleaseLibraryResources
> Task :expo-updates-interface:compileReleaseLibraryResources
> Task :expo-modules-core:parseReleaseLocalResources
> Task :expo-manifests:parseReleaseLocalResources
> Task :expo-log-box:parseReleaseLocalResources
> Task :expo-updates-interface:parseReleaseLocalResources
> Task :react-native-masked-view_masked-view:parseReleaseLocalResources
> Task :expo-dev-menu-interface:generateReleaseRFile
> Task :expo:checkKotlinGradlePluginConfigurationErrors SKIPPED

> Task :expo-constants:createExpoConfig
The NODE_ENV environment variable is required but was not specified. Ensure the project is bundled with Expo CLI or NODE_ENV is set. Using only .env.local and .env

> Task :expo-constants:preBuild
> Task :expo-constants:preReleaseBuild
> Task :react-native-masked-view_masked-view:generateReleaseRFile
> Task :expo-manifests:generateReleaseRFile
> Task :expo-modules-core:checkKotlinGradlePluginConfigurationErrors SKIPPED
> Task :expo-dev-client:checkKotlinGradlePluginConfigurationErrors SKIPPED
> Task :expo-constants:generateReleaseResValues
> Task :expo:generateReleaseBuildConfig
> Task :expo-dev-launcher:checkKotlinGradlePluginConfigurationErrors SKIPPED
> Task :expo-modules-core:generateReleaseRFile
> Task :expo-updates-interface:generateReleaseRFile
> Task :expo-dev-menu-interface:checkKotlinGradlePluginConfigurationErrors SKIPPED
> Task :expo-dev-menu:checkKotlinGradlePluginConfigurationErrors SKIPPED
> Task :expo-log-box:generateReleaseRFile
> Task :expo-json-utils:checkKotlinGradlePluginConfigurationErrors SKIPPED
> Task :expo-modules-core:generateReleaseBuildConfig
> Task :expo-constants:generateReleaseResources
> Task :expo-json-utils:generateReleaseBuildConfig
> Task :expo-dev-menu-interface:generateReleaseBuildConfig
> Task :expo-dev-launcher:dataBindingMergeDependencyArtifactsRelease
> Task :expo-modules-core:javaPreCompileRelease
> Task :expo-dev-client:dataBindingMergeDependencyArtifactsRelease
> Task :expo-dev-menu:generateReleaseBuildConfig
> Task :expo-log-box:checkKotlinGradlePluginConfigurationErrors SKIPPED
> Task :react-native-google-signin_google-signin:generateCodegenSchemaFromJavaScript
> Task :expo-dev-menu:javaPreCompileRelease
> Task :expo-dev-menu-interface:javaPreCompileRelease
> Task :expo-updates-interface:checkKotlinGradlePluginConfigurationErrors SKIPPED
> Task :expo-json-utils:javaPreCompileRelease
> Task :expo-manifests:checkKotlinGradlePluginConfigurationErrors SKIPPED
> Task :react-native-safe-area-context:generateCodegenSchemaFromJavaScript
> Task :react-native-gesture-handler:generateCodegenSchemaFromJavaScript
> Task :expo-dev-client:generateReleaseBuildConfig
> Task :expo-dev-launcher:generateReleaseBuildConfig
> Task :expo:javaPreCompileRelease
> Task :expo-constants:packageReleaseResources
> Task :expo-log-box:generateReleaseBuildConfig
> Task :expo-log-box:javaPreCompileRelease
> Task :expo-constants:extractDeepLinksRelease
> Task :expo-updates-interface:generateReleaseBuildConfig
> Task :expo-manifests:generateReleaseBuildConfig
> Task :react-native-masked-view_masked-view:generateReleaseBuildConfig
> Task :expo-updates-interface:javaPreCompileRelease
> Task :react-native-masked-view_masked-view:javaPreCompileRelease
> Task :expo-manifests:javaPreCompileRelease
> Task :expo-constants:writeReleaseAarMetadata
> Task :expo-dev-menu:mergeReleaseShaders
> Task :expo:mergeReleaseShaders
> Task :expo:compileReleaseShaders NO-SOURCE
> Task :expo:generateReleaseAssets UP-TO-DATE
> Task :expo-dev-menu:compileReleaseShaders NO-SOURCE
> Task :expo-dev-menu:generateReleaseAssets UP-TO-DATE
> Task :expo-constants:processReleaseManifest
> Task :expo-constants:compileReleaseLibraryResources
> Task :expo:mergeReleaseAssets
> Task :expo-dev-menu:mergeReleaseAssets
> Task :expo-constants:checkKotlinGradlePluginConfigurationErrors SKIPPED
> Task :expo-constants:parseReleaseLocalResources
> Task :expo-dev-menu-interface:mergeReleaseShaders
> Task :expo-dev-menu-interface:compileReleaseShaders NO-SOURCE
> Task :expo-dev-menu-interface:generateReleaseAssets UP-TO-DATE
> Task :expo-json-utils:mergeReleaseShaders
> Task :expo-json-utils:compileReleaseShaders NO-SOURCE
> Task :expo-json-utils:generateReleaseAssets UP-TO-DATE
> Task :expo-constants:generateReleaseBuildConfig
> Task :expo-log-box:mergeReleaseShaders
> Task :expo-log-box:compileReleaseShaders NO-SOURCE
> Task :expo-log-box:generateReleaseAssets UP-TO-DATE
> Task :expo-dev-menu-interface:mergeReleaseAssets
> Task :expo-json-utils:mergeReleaseAssets
> Task :expo-log-box:mergeReleaseAssets
> Task :expo-manifests:mergeReleaseShaders
> Task :expo-modules-core:mergeReleaseShaders
> Task :expo-manifests:compileReleaseShaders NO-SOURCE
> Task :expo-manifests:generateReleaseAssets UP-TO-DATE
> Task :expo-modules-core:compileReleaseShaders NO-SOURCE
> Task :expo-modules-core:generateReleaseAssets UP-TO-DATE
> Task :expo-constants:generateReleaseRFile
> Task :expo-constants:javaPreCompileRelease
> Task :expo-modules-core:mergeReleaseAssets
> Task :expo-manifests:mergeReleaseAssets
> Task :expo-updates-interface:mergeReleaseShaders
> Task :expo-constants:mergeReleaseShaders
> Task :expo-updates-interface:compileReleaseShaders NO-SOURCE
> Task :expo-constants:compileReleaseShaders NO-SOURCE
> Task :expo:mergeReleaseJniLibFolders
> Task :expo-updates-interface:generateReleaseAssets UP-TO-DATE
> Task :expo-constants:generateReleaseAssets UP-TO-DATE
> Task :expo:mergeReleaseNativeLibs NO-SOURCE
> Task :expo-dev-menu:mergeReleaseJniLibFolders
> Task :expo-dev-menu:mergeReleaseNativeLibs NO-SOURCE
> Task :expo-updates-interface:mergeReleaseAssets
> Task :expo-dev-menu-interface:mergeReleaseJniLibFolders
> Task :expo-dev-menu-interface:mergeReleaseNativeLibs NO-SOURCE
> Task :expo:copyReleaseJniLibsProjectOnly
> Task :expo-dev-menu-interface:copyReleaseJniLibsProjectOnly
> Task :expo-dev-menu:copyReleaseJniLibsProjectOnly
> Task :react-native-worklets:generateCodegenSchemaFromJavaScript
> Task :expo-json-utils:mergeReleaseJniLibFolders
> Task :expo-manifests:mergeReleaseJniLibFolders
> Task :expo-log-box:mergeReleaseJniLibFolders
> Task :expo-manifests:mergeReleaseNativeLibs NO-SOURCE
> Task :expo-log-box:mergeReleaseNativeLibs NO-SOURCE
> Task :expo-json-utils:mergeReleaseNativeLibs NO-SOURCE
> Task :expo-json-utils:copyReleaseJniLibsProjectOnly
> Task :expo-log-box:copyReleaseJniLibsProjectOnly
> Task :expo-manifests:copyReleaseJniLibsProjectOnly
> Task :expo-constants:mergeReleaseAssets
> Task :expo:prepareReleaseArtProfile
> Task :expo-updates-interface:mergeReleaseJniLibFolders
> Task :expo-updates-interface:mergeReleaseNativeLibs NO-SOURCE
> Task :expo-dev-menu:prepareReleaseArtProfile
> Task :expo-constants:mergeReleaseJniLibFolders
> Task :expo-updates-interface:copyReleaseJniLibsProjectOnly
> Task :expo-constants:mergeReleaseNativeLibs NO-SOURCE
> Task :expo-dev-menu-interface:prepareReleaseArtProfile
> Task :expo-modules-core:mergeReleaseJniLibFolders
> Task :expo-log-box:prepareReleaseArtProfile
> Task :expo-json-utils:prepareReleaseArtProfile
> Task :expo-manifests:prepareReleaseArtProfile
> Task :expo-modules-core:prepareReleaseArtProfile
> Task :expo-updates-interface:prepareReleaseArtProfile
> Task :expo-constants:copyReleaseJniLibsProjectOnly
> Task :expo-constants:prepareReleaseArtProfile
> Task :react-native-reanimated:generateCodegenSchemaFromJavaScript
> Task :expo-dev-client:dataBindingGenBaseClassesRelease
> Task :expo-dev-launcher:dataBindingGenBaseClassesRelease
> Task :expo-modules-core:extractProguardFiles
> Task :expo-dev-menu:extractProguardFiles
> Task :expo-constants:extractProguardFiles
> Task :expo:extractProguardFiles
> Task :react-native-webview:generateCodegenSchemaFromJavaScript
> Task :expo-dev-launcher:javaPreCompileRelease
> Task :expo-dev-client:javaPreCompileRelease
> Task :react-native-screens:generateCodegenSchemaFromJavaScript
> Task :expo-dev-client:mergeReleaseShaders
> Task :expo-dev-menu-interface:extractProguardFiles
> Task :expo-dev-launcher:mergeReleaseShaders
> Task :expo-dev-client:compileReleaseShaders NO-SOURCE
> Task :expo-dev-client:generateReleaseAssets UP-TO-DATE
> Task :expo-dev-launcher:compileReleaseShaders NO-SOURCE
> Task :expo-dev-launcher:generateReleaseAssets UP-TO-DATE
> Task :expo-dev-client:mergeReleaseAssets
> Task :expo-constants:prepareLintJarForPublish
> Task :expo-dev-menu-interface:prepareLintJarForPublish
> Task :expo-dev-menu:prepareLintJarForPublish
> Task :expo-modules-core:prepareLintJarForPublish
> Task :expo-dev-launcher:mergeReleaseAssets
> Task :expo-dev-launcher:mergeReleaseJniLibFolders
> Task :expo-dev-client:mergeReleaseJniLibFolders
> Task :expo-dev-client:mergeReleaseNativeLibs NO-SOURCE
> Task :expo-dev-launcher:mergeReleaseNativeLibs NO-SOURCE
> Task :expo-updates-interface:extractProguardFiles
> Task :expo-log-box:extractProguardFiles
> Task :expo-json-utils:extractProguardFiles
> Task :expo-manifests:extractProguardFiles
> Task :expo-log-box:prepareLintJarForPublish
> Task :expo-manifests:prepareLintJarForPublish
> Task :expo-updates-interface:prepareLintJarForPublish
> Task :expo-json-utils:prepareLintJarForPublish
> Task :expo-dev-launcher:copyReleaseJniLibsProjectOnly
> Task :expo-log-box:stripReleaseDebugSymbols NO-SOURCE
> Task :expo-modules-core:extractDeepLinksForAarRelease
> Task :expo-dev-launcher:prepareReleaseArtProfile
> Task :expo:prepareLintJarForPublish
> Task :expo-dev-client:copyReleaseJniLibsProjectOnly
> Task :expo:stripReleaseDebugSymbols NO-SOURCE
> Task :expo-dev-menu-interface:stripReleaseDebugSymbols NO-SOURCE
> Task :expo-constants:stripReleaseDebugSymbols NO-SOURCE
> Task :expo-dev-client:prepareReleaseArtProfile
> Task :expo-log-box:copyReleaseJniLibsProjectAndLocalJars
> Task :expo:copyReleaseJniLibsProjectAndLocalJars
> Task :expo-dev-menu-interface:copyReleaseJniLibsProjectAndLocalJars
> Task :expo-log-box:extractDeepLinksForAarRelease
> Task :expo-constants:copyReleaseJniLibsProjectAndLocalJars
> Task :expo-dev-menu:stripReleaseDebugSymbols NO-SOURCE
> Task :expo-constants:extractDeepLinksForAarRelease
> Task :expo:extractDeepLinksForAarRelease
> Task :expo-dev-menu-interface:extractDeepLinksForAarRelease
> Task :expo-updates-interface:stripReleaseDebugSymbols NO-SOURCE
> Task :expo-json-utils:stripReleaseDebugSymbols NO-SOURCE
> Task :expo-manifests:stripReleaseDebugSymbols NO-SOURCE
> Task :expo-dev-menu:copyReleaseJniLibsProjectAndLocalJars
> Task :expo-updates-interface:copyReleaseJniLibsProjectAndLocalJars
> Task :expo-manifests:copyReleaseJniLibsProjectAndLocalJars
> Task :expo-json-utils:copyReleaseJniLibsProjectAndLocalJars
> Task :expo-dev-client:extractProguardFiles
> Task :expo-dev-launcher:extractProguardFiles
> Task :expo-dev-menu:extractDeepLinksForAarRelease
> Task :expo-manifests:extractDeepLinksForAarRelease
> Task :expo-json-utils:extractDeepLinksForAarRelease
> Task :expo-dev-client:prepareLintJarForPublish
> Task :expo-updates-interface:extractDeepLinksForAarRelease
> Task :expo-dev-launcher:prepareLintJarForPublish
> Task :expo-dev-client:stripReleaseDebugSymbols NO-SOURCE
> Task :expo-dev-launcher:stripReleaseDebugSymbols NO-SOURCE
> Task :expo-dev-menu:writeReleaseLintModelMetadata
> Task :expo-dev-menu-interface:writeReleaseLintModelMetadata
> Task :expo-json-utils:writeReleaseLintModelMetadata
> Task :expo-dev-launcher:copyReleaseJniLibsProjectAndLocalJars
> Task :expo-dev-client:copyReleaseJniLibsProjectAndLocalJars
> Task :expo-log-box:writeReleaseLintModelMetadata
> Task :expo-dev-client:extractDeepLinksForAarRelease
> Task :expo-manifests:writeReleaseLintModelMetadata
> Task :expo-dev-launcher:extractDeepLinksForAarRelease
> Task :expo-modules-core:writeReleaseLintModelMetadata
> Task :expo-constants:writeReleaseLintModelMetadata
> Task :expo-updates-interface:writeReleaseLintModelMetadata
> Task :expo-dev-client:writeReleaseLintModelMetadata
> Task :expo-dev-launcher:writeReleaseLintModelMetadata
> Task :expo:writeReleaseLintModelMetadata
> Task :react-native-svg:generateCodegenSchemaFromJavaScript
> Task :react-native-safe-area-context:generateCodegenArtifactsFromSchema
> Task :react-native-safe-area-context:preBuild
> Task :react-native-safe-area-context:preReleaseBuild
> Task :react-native-safe-area-context:generateReleaseResValues
> Task :react-native-safe-area-context:generateReleaseResources
> Task :react-native-safe-area-context:packageReleaseResources
> Task :react-native-safe-area-context:extractDeepLinksRelease
> Task :react-native-safe-area-context:writeReleaseAarMetadata
> Task :react-native-safe-area-context:compileReleaseLibraryResources
> Task :react-native-safe-area-context:checkKotlinGradlePluginConfigurationErrors SKIPPED

> Task :react-native-safe-area-context:processReleaseManifest
package="com.th3rdwave.safeareacontext" found in source AndroidManifest.xml: C:\Dev\app-client-react-native\node_modules\react-native-safe-area-context\android\src\main\AndroidManifest.xml.
Setting the namespace via the package attribute in the source AndroidManifest.xml is no longer supported, and the value is ignored.
Recommendation: remove package="com.th3rdwave.safeareacontext" from the source AndroidManifest.xml: C:\Dev\app-client-react-native\node_modules\react-native-safe-area-context\android\src\main\AndroidManifest.xml.

> Task :react-native-safe-area-context:parseReleaseLocalResources
> Task :react-native-safe-area-context:generateReleaseBuildConfig
> Task :react-native-safe-area-context:generateReleaseRFile
> Task :react-native-safe-area-context:javaPreCompileRelease
> Task :react-native-google-signin_google-signin:generateCodegenArtifactsFromSchema
> Task :react-native-google-signin_google-signin:preBuild
> Task :react-native-google-signin_google-signin:preReleaseBuild
> Task :react-native-google-signin_google-signin:generateReleaseResValues
> Task :react-native-google-signin_google-signin:generateReleaseResources
> Task :react-native-google-signin_google-signin:packageReleaseResources
> Task :react-native-google-signin_google-signin:extractDeepLinksRelease

> Task :app:createBundleReleaseJsAndAssets
Using src/app as the root directory for Expo Router.

> Task :react-native-google-signin_google-signin:writeReleaseAarMetadata
> Task :react-native-google-signin_google-signin:compileReleaseLibraryResources

> Task :react-native-google-signin_google-signin:processReleaseManifest
package="com.reactnativegooglesignin" found in source AndroidManifest.xml: C:\Dev\app-client-react-native\node_modules\@react-native-google-signin\google-signin\android\src\main\AndroidManifest.xml.
Setting the namespace via the package attribute in the source AndroidManifest.xml is no longer supported, and the value is ignored.
Recommendation: remove package="com.reactnativegooglesignin" from the source AndroidManifest.xml: C:\Dev\app-client-react-native\node_modules\@react-native-google-signin\google-signin\android\src\main\AndroidManifest.xml.

> Task :react-native-google-signin_google-signin:checkKotlinGradlePluginConfigurationErrors SKIPPED
> Task :react-native-google-signin_google-signin:parseReleaseLocalResources
> Task :react-native-reanimated:generateCodegenArtifactsFromSchema
> Task :react-native-gesture-handler:generateCodegenArtifactsFromSchema
> Task :react-native-gesture-handler:preBuild
> Task :react-native-gesture-handler:preReleaseBuild
> Task :react-native-webview:generateCodegenArtifactsFromSchema
> Task :react-native-webview:preBuild
> Task :react-native-google-signin_google-signin:generateReleaseBuildConfig
> Task :react-native-webview:preReleaseBuild
> Task :react-native-webview:generateReleaseResValues
> Task :react-native-gesture-handler:generateReleaseResValues
> Task :react-native-webview:generateReleaseResources
> Task :react-native-gesture-handler:generateReleaseResources
> Task :react-native-google-signin_google-signin:javaPreCompileRelease
> Task :react-native-google-signin_google-signin:generateReleaseRFile
> Task :react-native-google-signin_google-signin:mergeReleaseShaders
> Task :react-native-gesture-handler:packageReleaseResources
> Task :react-native-gesture-handler:extractDeepLinksRelease
> Task :react-native-gesture-handler:writeReleaseAarMetadata
> Task :react-native-gesture-handler:processReleaseManifest
> Task :react-native-gesture-handler:compileReleaseLibraryResources
> Task :react-native-gesture-handler:checkKotlinGradlePluginConfigurationErrors SKIPPED
> Task :react-native-gesture-handler:parseReleaseLocalResources
> Task :react-native-worklets:generateCodegenArtifactsFromSchema
> Task :react-native-gesture-handler:generateReleaseBuildConfig
> Task :react-native-gesture-handler:javaPreCompileRelease
> Task :react-native-gesture-handler:generateReleaseRFile
> Task :react-native-gesture-handler:mergeReleaseShaders
> Task :react-native-gesture-handler:compileReleaseShaders NO-SOURCE
> Task :react-native-gesture-handler:generateReleaseAssets UP-TO-DATE
> Task :react-native-gesture-handler:mergeReleaseAssets
> Task :react-native-gesture-handler:mergeReleaseJniLibFolders
> Task :react-native-gesture-handler:prepareReleaseArtProfile
> Task :react-native-gesture-handler:extractProguardFiles
> Task :react-native-gesture-handler:prepareLintJarForPublish
> Task :react-native-gesture-handler:extractDeepLinksForAarRelease
> Task :react-native-gesture-handler:writeReleaseLintModelMetadata
> Task :react-native-webview:packageReleaseResources
> Task :react-native-webview:extractDeepLinksRelease
> Task :react-native-webview:writeReleaseAarMetadata
> Task :react-native-webview:checkKotlinGradlePluginConfigurationErrors SKIPPED
> Task :react-native-webview:processReleaseManifest
> Task :react-native-webview:parseReleaseLocalResources
> Task :react-native-webview:generateReleaseBuildConfig
> Task :react-native-webview:javaPreCompileRelease
> Task :react-native-webview:generateReleaseRFile
> Task :react-native-worklets:prepareWorkletsHeadersForPrefabs
> Task :react-native-worklets:preBuild
> Task :react-native-worklets:preReleaseBuild
> Task :react-native-worklets:generateReleaseResValues
> Task :react-native-webview:mergeReleaseShaders
> Task :react-native-screens:generateCodegenArtifactsFromSchema
> Task :react-native-screens:preBuild
> Task :react-native-screens:preReleaseBuild
> Task :react-native-worklets:generateReleaseResources
> Task :react-native-screens:generateReleaseResValues
> Task :react-native-worklets:packageReleaseResources
> Task :react-native-worklets:extractDeepLinksRelease
> Task :react-native-screens:generateReleaseResources
> Task :react-native-svg:generateCodegenArtifactsFromSchema
> Task :react-native-svg:preBuild
> Task :react-native-svg:preReleaseBuild
> Task :react-native-worklets:writeReleaseAarMetadata
> Task :react-native-svg:generateReleaseResValues
> Task :react-native-worklets:compileReleaseLibraryResources
> Task :react-native-worklets:processReleaseManifest
> Task :react-native-worklets:checkKotlinGradlePluginConfigurationErrors SKIPPED
> Task :react-native-worklets:parseReleaseLocalResources
> Task :react-native-svg:generateReleaseResources
> Task :react-native-worklets:generateReleaseBuildConfig
> Task :react-native-worklets:javaPreCompileRelease
> Task :react-native-svg:packageReleaseResources
> Task :react-native-worklets:generateReleaseRFile
> Task :react-native-worklets:mergeReleaseShaders
> Task :react-native-svg:extractDeepLinksRelease
> Task :react-native-worklets:compileReleaseKotlin NO-SOURCE
> Task :react-native-svg:writeReleaseAarMetadata
> Task :react-native-svg:processReleaseManifest
> Task :react-native-svg:compileReleaseLibraryResources
> Task :react-native-webview:compileReleaseLibraryResources
> Task :react-native-svg:parseReleaseLocalResources
> Task :react-native-reanimated:prepareReanimatedHeadersForPrefabs
> Task :react-native-svg:generateReleaseBuildConfig
> Task :react-native-reanimated:preBuild
> Task :react-native-reanimated:preReleaseBuild
> Task :react-native-reanimated:generateReleaseResValues
> Task :react-native-svg:javaPreCompileRelease
> Task :react-native-svg:generateReleaseRFile
> Task :react-native-reanimated:generateReleaseResources
> Task :react-native-svg:mergeReleaseShaders
> Task :react-native-reanimated:packageReleaseResources
> Task :react-native-reanimated:extractDeepLinksRelease
> Task :react-native-screens:packageReleaseResources
> Task :react-native-screens:extractDeepLinksRelease
> Task :react-native-reanimated:writeReleaseAarMetadata
> Task :react-native-reanimated:compileReleaseLibraryResources
> Task :react-native-reanimated:processReleaseManifest
> Task :react-native-screens:writeReleaseAarMetadata
> Task :react-native-reanimated:parseReleaseLocalResources
> Task :react-native-reanimated:generateReleaseBuildConfig
> Task :react-native-screens:processReleaseManifest
> Task :react-native-reanimated:javaPreCompileRelease
> Task :react-native-screens:checkKotlinGradlePluginConfigurationErrors SKIPPED
> Task :react-native-reanimated:generateReleaseRFile
> Task :react-native-reanimated:mergeReleaseShaders
> Task :react-native-reanimated:compileReleaseShaders NO-SOURCE
> Task :react-native-reanimated:generateReleaseAssets UP-TO-DATE
> Task :react-native-screens:generateReleaseBuildConfig
> Task :react-native-screens:parseReleaseLocalResources
> Task :react-native-reanimated:mergeReleaseAssets
> Task :react-native-screens:javaPreCompileRelease
> Task :react-native-reanimated:processReleaseJavaRes NO-SOURCE
> Task :react-native-reanimated:mergeReleaseJniLibFolders
> Task :react-native-screens:mergeReleaseShaders
> Task :react-native-reanimated:prepareReleaseArtProfile
> Task :react-native-screens:compileReleaseShaders NO-SOURCE
> Task :react-native-screens:generateReleaseAssets UP-TO-DATE
> Task :react-native-screens:generateReleaseRFile
> Task :react-native-screens:mergeReleaseAssets
> Task :react-native-screens:compileReleaseLibraryResources
> Task :react-native-reanimated:extractProguardFiles
> Task :react-native-reanimated:prepareLintJarForPublish
> Task :react-native-reanimated:extractDeepLinksForAarRelease
> Task :react-native-reanimated:writeReleaseLintModelMetadata
> Task :react-native-reanimated:mergeReleaseJavaResource
> Task :react-native-google-signin_google-signin:compileReleaseShaders NO-SOURCE
> Task :react-native-webview:compileReleaseShaders NO-SOURCE
> Task :react-native-google-signin_google-signin:generateReleaseAssets UP-TO-DATE
> Task :react-native-webview:generateReleaseAssets UP-TO-DATE
> Task :react-native-safe-area-context:mergeReleaseShaders
> Task :react-native-google-signin_google-signin:mergeReleaseAssets
> Task :react-native-webview:mergeReleaseAssets
> Task :react-native-safe-area-context:compileReleaseShaders NO-SOURCE
> Task :react-native-safe-area-context:generateReleaseAssets UP-TO-DATE
> Task :react-native-safe-area-context:mergeReleaseAssets
> Task :react-native-google-signin_google-signin:mergeReleaseJniLibFolders
> Task :react-native-webview:mergeReleaseJniLibFolders
> Task :react-native-google-signin_google-signin:mergeReleaseNativeLibs NO-SOURCE
> Task :react-native-webview:mergeReleaseNativeLibs NO-SOURCE
> Task :react-native-google-signin_google-signin:copyReleaseJniLibsProjectOnly
> Task :react-native-webview:copyReleaseJniLibsProjectOnly
> Task :react-native-safe-area-context:mergeReleaseJniLibFolders
> Task :react-native-safe-area-context:mergeReleaseNativeLibs NO-SOURCE
> Task :react-native-google-signin_google-signin:prepareReleaseArtProfile
> Task :react-native-webview:prepareReleaseArtProfile
> Task :react-native-safe-area-context:copyReleaseJniLibsProjectOnly
> Task :react-native-safe-area-context:prepareReleaseArtProfile
> Task :react-native-google-signin_google-signin:extractProguardFiles
> Task :react-native-webview:extractProguardFiles
> Task :react-native-google-signin_google-signin:prepareLintJarForPublish
> Task :react-native-google-signin_google-signin:stripReleaseDebugSymbols NO-SOURCE
> Task :react-native-webview:prepareLintJarForPublish
> Task :react-native-webview:stripReleaseDebugSymbols NO-SOURCE
> Task :react-native-safe-area-context:extractProguardFiles
> Task :react-native-webview:copyReleaseJniLibsProjectAndLocalJars
> Task :react-native-google-signin_google-signin:copyReleaseJniLibsProjectAndLocalJars
> Task :react-native-webview:extractDeepLinksForAarRelease
> Task :react-native-google-signin_google-signin:extractDeepLinksForAarRelease
> Task :react-native-safe-area-context:prepareLintJarForPublish
> Task :react-native-safe-area-context:stripReleaseDebugSymbols NO-SOURCE
> Task :react-native-google-signin_google-signin:writeReleaseLintModelMetadata
> Task :react-native-webview:writeReleaseLintModelMetadata
> Task :react-native-safe-area-context:copyReleaseJniLibsProjectAndLocalJars
> Task :react-native-safe-area-context:extractDeepLinksForAarRelease
> Task :react-native-safe-area-context:writeReleaseLintModelMetadata

> Task :app:createBundleReleaseJsAndAssets
React Compiler enabled
Starting Metro Bundler

warning: Bundler cache is empty, rebuilding (this may take a minute)

> Task :react-native-screens:configureCMakeRelWithDebInfo[arm64-v8a]

> Task :react-native-masked-view_masked-view:compileReleaseJavaWithJavac
Note: C:\Dev\app-client-react-native\node_modules\@react-native-masked-view\masked-view\android\src\main\java\org\reactnative\maskedview\RNCMaskedViewPackage.java uses or overrides a deprecated API.
Note: Recompile with -Xlint:deprecation for details.

> Task :react-native-masked-view_masked-view:mergeReleaseShaders
> Task :react-native-masked-view_masked-view:compileReleaseShaders NO-SOURCE
> Task :react-native-masked-view_masked-view:generateReleaseAssets UP-TO-DATE
> Task :react-native-masked-view_masked-view:mergeReleaseAssets
> Task :react-native-masked-view_masked-view:bundleLibRuntimeToDirRelease
> Task :react-native-masked-view_masked-view:processReleaseJavaRes NO-SOURCE
> Task :react-native-masked-view_masked-view:mergeReleaseJniLibFolders
> Task :react-native-masked-view_masked-view:mergeReleaseNativeLibs NO-SOURCE
> Task :react-native-masked-view_masked-view:bundleLibRuntimeToJarRelease
> Task :react-native-masked-view_masked-view:copyReleaseJniLibsProjectOnly
> Task :react-native-masked-view_masked-view:bundleLibCompileToJarRelease
> Task :react-native-masked-view_masked-view:prepareReleaseArtProfile
> Task :react-native-masked-view_masked-view:createFullJarRelease
> Task :react-native-masked-view_masked-view:extractProguardFiles
> Task :react-native-masked-view_masked-view:generateReleaseLintModel
> Task :react-native-masked-view_masked-view:prepareLintJarForPublish
> Task :react-native-masked-view_masked-view:stripReleaseDebugSymbols NO-SOURCE
> Task :react-native-masked-view_masked-view:copyReleaseJniLibsProjectAndLocalJars
> Task :react-native-masked-view_masked-view:extractDeepLinksForAarRelease
> Task :react-native-masked-view_masked-view:extractReleaseAnnotations
> Task :react-native-masked-view_masked-view:mergeReleaseGeneratedProguardFiles
> Task :react-native-masked-view_masked-view:mergeReleaseConsumerProguardFiles
> Task :react-native-masked-view_masked-view:mergeReleaseJavaResource

> Task :react-native-worklets:compileReleaseJavaWithJavac
Note: C:\Dev\app-client-react-native\node_modules\react-native-worklets\android\src\main\java\com\swmansion\worklets\WorkletsMessageQueueThreadBase.java uses or overrides a deprecated API.
Note: Recompile with -Xlint:deprecation for details.
Note: C:\Dev\app-client-react-native\node_modules\react-native-worklets\android\src\main\java\com\swmansion\worklets\WorkletsPackage.java uses unchecked or unsafe operations.
Note: Recompile with -Xlint:unchecked for details.

> Task :react-native-masked-view_masked-view:syncReleaseLibJars
> Task :react-native-masked-view_masked-view:bundleReleaseLocalLintAar
> Task :react-native-masked-view_masked-view:writeReleaseLintModelMetadata
> Task :react-native-masked-view_masked-view:generateReleaseLintVitalModel
> Task :react-native-worklets:bundleLibCompileToJarRelease
> Task :react-native-worklets:compileReleaseShaders NO-SOURCE
> Task :react-native-worklets:generateReleaseAssets UP-TO-DATE
> Task :react-native-worklets:mergeReleaseAssets
> Task :react-native-worklets:processReleaseJavaRes NO-SOURCE
> Task :react-native-worklets:bundleLibRuntimeToJarRelease
> Task :react-native-worklets:bundleLibRuntimeToDirRelease
> Task :react-native-worklets:configureCMakeRelWithDebInfo[arm64-v8a]

> Task :react-native-svg:compileReleaseJavaWithJavac
Note: Some input files use or override a deprecated API.
Note: Recompile with -Xlint:deprecation for details.
Note: Some input files use unchecked or unsafe operations.
Note: Recompile with -Xlint:unchecked for details.

> Task :react-native-svg:bundleLibCompileToJarRelease
> Task :react-native-svg:compileReleaseShaders NO-SOURCE
> Task :react-native-svg:generateReleaseAssets UP-TO-DATE
> Task :react-native-svg:mergeReleaseAssets
> Task :react-native-svg:bundleLibRuntimeToJarRelease

> Task :react-native-reanimated:compileReleaseJavaWithJavac
Note: Some input files use or override a deprecated API.
Note: Recompile with -Xlint:deprecation for details.
Note: Some input files use unchecked or unsafe operations.
Note: Recompile with -Xlint:unchecked for details.

> Task :react-native-svg:bundleLibRuntimeToDirRelease
> Task :react-native-reanimated:bundleLibCompileToJarRelease
> Task :react-native-svg:processReleaseJavaRes NO-SOURCE
> Task :react-native-svg:mergeReleaseJniLibFolders
> Task :react-native-svg:mergeReleaseNativeLibs NO-SOURCE
> Task :react-native-svg:copyReleaseJniLibsProjectOnly
> Task :react-native-svg:prepareReleaseArtProfile
> Task :react-native-svg:createFullJarRelease
> Task :react-native-reanimated:bundleLibRuntimeToJarRelease
> Task :react-native-svg:extractProguardFiles
> Task :react-native-reanimated:extractReleaseAnnotations
> Task :react-native-reanimated:createFullJarRelease
> Task :react-native-reanimated:mergeReleaseGeneratedProguardFiles
> Task :react-native-svg:generateReleaseLintModel
> Task :react-native-svg:prepareLintJarForPublish
> Task :react-native-svg:stripReleaseDebugSymbols NO-SOURCE
> Task :react-native-reanimated:bundleLibRuntimeToDirRelease
> Task :react-native-reanimated:mergeReleaseConsumerProguardFiles
> Task :react-native-svg:copyReleaseJniLibsProjectAndLocalJars
> Task :react-native-svg:extractDeepLinksForAarRelease
> Task :react-native-reanimated:syncReleaseLibJars
> Task :react-native-svg:extractReleaseAnnotations
> Task :react-native-svg:mergeReleaseGeneratedProguardFiles
> Task :react-native-svg:mergeReleaseConsumerProguardFiles
> Task :react-native-svg:mergeReleaseJavaResource
> Task :react-native-svg:writeReleaseLintModelMetadata
> Task :react-native-svg:syncReleaseLibJars
> Task :react-native-svg:bundleReleaseLocalLintAar
> Task :react-native-svg:generateReleaseLintVitalModel
> Task :react-native-screens:buildCMakeRelWithDebInfo[arm64-v8a]
> Task :react-native-screens:configureCMakeRelWithDebInfo[armeabi-v7a]
> Task :react-native-worklets:buildCMakeRelWithDebInfo[arm64-v8a][worklets]
> Task :react-native-worklets:configureCMakeRelWithDebInfo[armeabi-v7a]
> Task :react-native-screens:buildCMakeRelWithDebInfo[armeabi-v7a]
> Task :react-native-screens:configureCMakeRelWithDebInfo[x86]
> Task :react-native-worklets:buildCMakeRelWithDebInfo[armeabi-v7a][worklets]
> Task :react-native-worklets:configureCMakeRelWithDebInfo[x86]
> Task :react-native-screens:buildCMakeRelWithDebInfo[x86]
> Task :react-native-screens:configureCMakeRelWithDebInfo[x86_64]
> Task :react-native-worklets:buildCMakeRelWithDebInfo[x86][worklets]
> Task :react-native-worklets:configureCMakeRelWithDebInfo[x86_64]
> Task :react-native-masked-view_masked-view:lintVitalAnalyzeRelease

> Task :react-native-google-signin_google-signin:compileReleaseKotlin
w: file:///C:/Dev/app-client-react-native/node_modules/@react-native-google-signin/google-signin/android/src/main/java/com/reactnativegooglesignin/ErrorDto.kt:3:8 'class GoogleSignInStatusCodes : CommonStatusCodes' is deprecated. Deprecated in Java.
w: file:///C:/Dev/app-client-react-native/node_modules/@react-native-google-signin/google-signin/android/src/main/java/com/reactnativegooglesignin/ErrorDto.kt:23:31 Condition is always 'true'.
w: file:///C:/Dev/app-client-react-native/node_modules/@react-native-google-signin/google-signin/android/src/main/java/com/reactnativegooglesignin/ErrorDto.kt:24:16 'class GoogleSignInStatusCodes : CommonStatusCodes' is deprecated. Deprecated in Java.
w: file:///C:/Dev/app-client-react-native/node_modules/@react-native-google-signin/google-signin/android/src/main/java/com/reactnativegooglesignin/ErrorDto.kt:29:33 'class GoogleSignInStatusCodes : CommonStatusCodes' is deprecated. Deprecated in Java.
w: file:///C:/Dev/app-client-react-native/node_modules/@react-native-google-signin/google-signin/android/src/main/java/com/reactnativegooglesignin/ErrorDto.kt:30:38 'class GoogleSignInStatusCodes : CommonStatusCodes' is deprecated. Deprecated in Java.

> Task :react-native-svg:lintVitalAnalyzeRelease

> Task :react-native-webview:compileReleaseKotlin
w: file:///C:/Dev/app-client-react-native/node_modules/react-native-webview/android/src/main/java/com/reactnativecommunity/webview/RNCWebViewManagerImpl.kt:22:8 'object MapBuilder : Any' is deprecated. Use Kotlin's built-in collections extensions.
w: file:///C:/Dev/app-client-react-native/node_modules/react-native-webview/android/src/main/java/com/reactnativecommunity/webview/RNCWebViewManagerImpl.kt:82:18 'var allowFileAccessFromFileURLs: Boolean' is deprecated. Deprecated in Java.
w: file:///C:/Dev/app-client-react-native/node_modules/react-native-webview/android/src/main/java/com/reactnativecommunity/webview/RNCWebViewManagerImpl.kt:83:18 'var allowUniversalAccessFromFileURLs: Boolean' is deprecated. Deprecated in Java.
w: file:///C:/Dev/app-client-react-native/node_modules/react-native-webview/android/src/main/java/com/reactnativecommunity/webview/RNCWebViewManagerImpl.kt:124:21 'fun allowScanningByMediaScanner(): Unit' is deprecated. Deprecated in Java.
w: file:///C:/Dev/app-client-react-native/node_modules/react-native-webview/android/src/main/java/com/reactnativecommunity/webview/RNCWebViewManagerImpl.kt:161:36 'var systemUiVisibility: Int' is deprecated. Deprecated in Java.
w: file:///C:/Dev/app-client-react-native/node_modules/react-native-webview/android/src/main/java/com/reactnativecommunity/webview/RNCWebViewManagerImpl.kt:300:14 'object MapBuilder : Any' is deprecated. Use Kotlin's built-in collections extensions.
w: file:///C:/Dev/app-client-react-native/node_modules/react-native-webview/android/src/main/java/com/reactnativecommunity/webview/RNCWebViewManagerImpl.kt:350:34 Condition is always 'true'.
w: file:///C:/Dev/app-client-react-native/node_modules/react-native-webview/android/src/main/java/com/reactnativecommunity/webview/RNCWebViewManagerImpl.kt:369:38 'var allowUniversalAccessFromFileURLs: Boolean' is deprecated. Deprecated in Java.
w: file:///C:/Dev/app-client-react-native/node_modules/react-native-webview/android/src/main/java/com/reactnativecommunity/webview/RNCWebViewManagerImpl.kt:430:51 Unchecked cast of 'Any?' to 'HashMap<String, String>'.
w: file:///C:/Dev/app-client-react-native/node_modules/react-native-webview/android/src/main/java/com/reactnativecommunity/webview/RNCWebViewManagerImpl.kt:486:23 'var savePassword: Boolean' is deprecated. Deprecated in Java.
w: file:///C:/Dev/app-client-react-native/node_modules/react-native-webview/android/src/main/java/com/reactnativecommunity/webview/RNCWebViewManagerImpl.kt:487:23 'var saveFormData: Boolean' is deprecated. Deprecated in Java.
w: file:///C:/Dev/app-client-react-native/node_modules/react-native-webview/android/src/main/java/com/reactnativecommunity/webview/RNCWebViewManagerImpl.kt:557:23 'var allowFileAccessFromFileURLs: Boolean' is deprecated. Deprecated in Java.
w: file:///C:/Dev/app-client-react-native/node_modules/react-native-webview/android/src/main/java/com/reactnativecommunity/webview/RNCWebViewManagerImpl.kt:602:52 'static field FORCE_DARK_ON: Int' is deprecated. Deprecated in Java.
w: file:///C:/Dev/app-client-react-native/node_modules/react-native-webview/android/src/main/java/com/reactnativecommunity/webview/RNCWebViewManagerImpl.kt:602:89 'static field FORCE_DARK_OFF: Int' is deprecated. Deprecated in Java.
w: file:///C:/Dev/app-client-react-native/node_modules/react-native-webview/android/src/main/java/com/reactnativecommunity/webview/RNCWebViewManagerImpl.kt:603:35 'static fun setForceDark(p0: @NonNull() WebSettings, p1: Int): Unit' is deprecated. Deprecated in Java.
w: file:///C:/Dev/app-client-react-native/node_modules/react-native-webview/android/src/main/java/com/reactnativecommunity/webview/RNCWebViewManagerImpl.kt:612:35 'static fun setForceDarkStrategy(p0: @NonNull() WebSettings, p1: Int): Unit' is deprecated. Deprecated in Java.
w: file:///C:/Dev/app-client-react-native/node_modules/react-native-webview/android/src/main/java/com/reactnativecommunity/webview/RNCWebViewManagerImpl.kt:614:39 'static field DARK_STRATEGY_PREFER_WEB_THEME_OVER_USER_AGENT_DARKENING: Int' is deprecated. Deprecated in Java.
w: file:///C:/Dev/app-client-react-native/node_modules/react-native-webview/android/src/main/java/com/reactnativecommunity/webview/RNCWebViewManagerImpl.kt:658:65 Unchecked cast of 'ArrayList<Any?>' to 'List<Map<String, String>>'.
w: file:///C:/Dev/app-client-react-native/node_modules/react-native-webview/android/src/main/java/com/reactnativecommunity/webview/RNCWebViewManagerImpl.kt:679:23 'var saveFormData: Boolean' is deprecated. Deprecated in Java.
w: file:///C:/Dev/app-client-react-native/node_modules/react-native-webview/android/src/main/java/com/reactnativecommunity/webview/events/SubResourceErrorEvent.kt:5:8 'interface RCTEventEmitter : JavaScriptModule' is deprecated. Use [RCTModernEventEmitter] instead.
w: file:///C:/Dev/app-client-react-native/node_modules/react-native-webview/android/src/main/java/com/reactnativecommunity/webview/events/SubResourceErrorEvent.kt:11:3 'constructor<T : Event<T>>(viewTag: Int): Event<T>' is deprecated. Use constructor with explicit surfaceId instead.
w: file:///C:/Dev/app-client-react-native/node_modules/react-native-webview/android/src/main/java/com/reactnativecommunity/webview/events/SubResourceErrorEvent.kt:22:16 This declaration overrides a deprecated member but is not marked as deprecated itself. Add the '@Deprecated' annotation or suppress the diagnostic.
w: file:///C:/Dev/app-client-react-native/node_modules/react-native-webview/android/src/main/java/com/reactnativecommunity/webview/events/SubResourceErrorEvent.kt:22:42 'interface RCTEventEmitter : JavaScriptModule' is deprecated. Use [RCTModernEventEmitter] instead.
w: file:///C:/Dev/app-client-react-native/node_modules/react-native-webview/android/src/main/java/com/reactnativecommunity/webview/events/SubResourceErrorEvent.kt:23:21 'fun receiveEvent(targetTag: Int, eventName: String, params: WritableMap?): Unit' is deprecated. Use [RCTModernEventEmitter.receiveEvent] instead.
w: file:///C:/Dev/app-client-react-native/node_modules/react-native-webview/android/src/main/java/com/reactnativecommunity/webview/events/TopCustomMenuSelectionEvent.kt:5:8 'interface RCTEventEmitter : JavaScriptModule' is deprecated. Use [RCTModernEventEmitter] instead.
w: file:///C:/Dev/app-client-react-native/node_modules/react-native-webview/android/src/main/java/com/reactnativecommunity/webview/events/TopCustomMenuSelectionEvent.kt:11:3 'constructor<T : Event<T>>(viewTag: Int): Event<T>' is deprecated. Use constructor with explicit surfaceId instead.
w: file:///C:/Dev/app-client-react-native/node_modules/react-native-webview/android/src/main/java/com/reactnativecommunity/webview/events/TopCustomMenuSelectionEvent.kt:22:16 This declaration overrides a deprecated member but is not marked as deprecated itself. Add the '@Deprecated' annotation or suppress the diagnostic.
w: file:///C:/Dev/app-client-react-native/node_modules/react-native-webview/android/src/main/java/com/reactnativecommunity/webview/events/TopCustomMenuSelectionEvent.kt:22:42 'interface RCTEventEmitter : JavaScriptModule' is deprecated. Use [RCTModernEventEmitter] instead.
w: file:///C:/Dev/app-client-react-native/node_modules/react-native-webview/android/src/main/java/com/reactnativecommunity/webview/events/TopCustomMenuSelectionEvent.kt:23:21 'fun receiveEvent(targetTag: Int, eventName: String, params: WritableMap?): Unit' is deprecated. Use [RCTModernEventEmitter.receiveEvent] instead.
w: file:///C:/Dev/app-client-react-native/node_modules/react-native-webview/android/src/main/java/com/reactnativecommunity/webview/events/TopHttpErrorEvent.kt:5:8 'interface RCTEventEmitter : JavaScriptModule' is deprecated. Use [RCTModernEventEmitter] instead.
w: file:///C:/Dev/app-client-react-native/node_modules/react-native-webview/android/src/main/java/com/reactnativecommunity/webview/events/TopHttpErrorEvent.kt:11:3 'constructor<T : Event<T>>(viewTag: Int): Event<T>' is deprecated. Use constructor with explicit surfaceId instead.
w: file:///C:/Dev/app-client-react-native/node_modules/react-native-webview/android/src/main/java/com/reactnativecommunity/webview/events/TopHttpErrorEvent.kt:22:16 This declaration overrides a deprecated member but is not marked as deprecated itself. Add the '@Deprecated' annotation or suppress the diagnostic.
w: file:///C:/Dev/app-client-react-native/node_modules/react-native-webview/android/src/main/java/com/reactnativecommunity/webview/events/TopHttpErrorEvent.kt:22:42 'interface RCTEventEmitter : JavaScriptModule' is deprecated. Use [RCTModernEventEmitter] instead.
w: file:///C:/Dev/app-client-react-native/node_modules/react-native-webview/android/src/main/java/com/reactnativecommunity/webview/events/TopHttpErrorEvent.kt:23:21 'fun receiveEvent(targetTag: Int, eventName: String, params: WritableMap?): Unit' is deprecated. Use [RCTModernEventEmitter.receiveEvent] instead.
w: file:///C:/Dev/app-client-react-native/node_modules/react-native-webview/android/src/main/java/com/reactnativecommunity/webview/events/TopLoadingErrorEvent.kt:5:8 'interface RCTEventEmitter : JavaScriptModule' is deprecated. Use [RCTModernEventEmitter] instead.
w: file:///C:/Dev/app-client-react-native/node_modules/react-native-webview/android/src/main/java/com/reactnativecommunity/webview/events/TopLoadingErrorEvent.kt:11:3 'constructor<T : Event<T>>(viewTag: Int): Event<T>' is deprecated. Use constructor with explicit surfaceId instead.
w: file:///C:/Dev/app-client-react-native/node_modules/react-native-webview/android/src/main/java/com/reactnativecommunity/webview/events/TopLoadingErrorEvent.kt:22:16 This declaration overrides a deprecated member but is not marked as deprecated itself. Add the '@Deprecated' annotation or suppress the diagnostic.
w: file:///C:/Dev/app-client-react-native/node_modules/react-native-webview/android/src/main/java/com/reactnativecommunity/webview/events/TopLoadingErrorEvent.kt:22:42 'interface RCTEventEmitter : JavaScriptModule' is deprecated. Use [RCTModernEventEmitter] instead.
w: file:///C:/Dev/app-client-react-native/node_modules/react-native-webview/android/src/main/java/com/reactnativecommunity/webview/events/TopLoadingErrorEvent.kt:23:21 'fun receiveEvent(targetTag: Int, eventName: String, params: WritableMap?): Unit' is deprecated. Use [RCTModernEventEmitter.receiveEvent] instead.
w: file:///C:/Dev/app-client-react-native/node_modules/react-native-webview/android/src/main/java/com/reactnativecommunity/webview/events/TopLoadingFinishEvent.kt:5:8 'interface RCTEventEmitter : JavaScriptModule' is deprecated. Use [RCTModernEventEmitter] instead.
w: file:///C:/Dev/app-client-react-native/node_modules/react-native-webview/android/src/main/java/com/reactnativecommunity/webview/events/TopLoadingFinishEvent.kt:11:3 'constructor<T : Event<T>>(viewTag: Int): Event<T>' is deprecated. Use constructor with explicit surfaceId instead.
w: file:///C:/Dev/app-client-react-native/node_modules/react-native-webview/android/src/main/java/com/reactnativecommunity/webview/events/TopLoadingFinishEvent.kt:22:16 This declaration overrides a deprecated member but is not marked as deprecated itself. Add the '@Deprecated' annotation or suppress the diagnostic.
w: file:///C:/Dev/app-client-react-native/node_modules/react-native-webview/android/src/main/java/com/reactnativecommunity/webview/events/TopLoadingFinishEvent.kt:22:42 'interface RCTEventEmitter : JavaScriptModule' is deprecated. Use [RCTModernEventEmitter] instead.
w: file:///C:/Dev/app-client-react-native/node_modules/react-native-webview/android/src/main/java/com/reactnativecommunity/webview/events/TopLoadingFinishEvent.kt:23:21 'fun receiveEvent(targetTag: Int, eventName: String, params: WritableMap?): Unit' is deprecated. Use [RCTModernEventEmitter.receiveEvent] instead.
w: file:///C:/Dev/app-client-react-native/node_modules/react-native-webview/android/src/main/java/com/reactnativecommunity/webview/events/TopLoadingProgressEvent.kt:5:8 'interface RCTEventEmitter : JavaScriptModule' is deprecated. Use [RCTModernEventEmitter] instead.
w: file:///C:/Dev/app-client-react-native/node_modules/react-native-webview/android/src/main/java/com/reactnativecommunity/webview/events/TopLoadingProgressEvent.kt:11:3 'constructor<T : Event<T>>(viewTag: Int): Event<T>' is deprecated. Use constructor with explicit surfaceId instead.
w: file:///C:/Dev/app-client-react-native/node_modules/react-native-webview/android/src/main/java/com/reactnativecommunity/webview/events/TopLoadingProgressEvent.kt:22:16 This declaration overrides a deprecated member but is not marked as deprecated itself. Add the '@Deprecated' annotation or suppress the diagnostic.
w: file:///C:/Dev/app-client-react-native/node_modules/react-native-webview/android/src/main/java/com/reactnativecommunity/webview/events/TopLoadingProgressEvent.kt:22:42 'interface RCTEventEmitter : JavaScriptModule' is deprecated. Use [RCTModernEventEmitter] instead.
w: file:///C:/Dev/app-client-react-native/node_modules/react-native-webview/android/src/main/java/com/reactnativecommunity/webview/events/TopLoadingProgressEvent.kt:23:21 'fun receiveEvent(targetTag: Int, eventName: String, params: WritableMap?): Unit' is deprecated. Use [RCTModernEventEmitter.receiveEvent] instead.
w: file:///C:/Dev/app-client-react-native/node_modules/react-native-webview/android/src/main/java/com/reactnativecommunity/webview/events/TopLoadingStartEvent.kt:5:8 'interface RCTEventEmitter : JavaScriptModule' is deprecated. Use [RCTModernEventEmitter] instead.
w: file:///C:/Dev/app-client-react-native/node_modules/react-native-webview/android/src/main/java/com/reactnativecommunity/webview/events/TopLoadingStartEvent.kt:11:3 'constructor<T : Event<T>>(viewTag: Int): Event<T>' is deprecated. Use constructor with explicit surfaceId instead.
w: file:///C:/Dev/app-client-react-native/node_modules/react-native-webview/android/src/main/java/com/reactnativecommunity/webview/events/TopLoadingStartEvent.kt:22:16 This declaration overrides a deprecated member but is not marked as deprecated itself. Add the '@Deprecated' annotation or suppress the diagnostic.
w: file:///C:/Dev/app-client-react-native/node_modules/react-native-webview/android/src/main/java/com/reactnativecommunity/webview/events/TopLoadingStartEvent.kt:22:42 'interface RCTEventEmitter : JavaScriptModule' is deprecated. Use [RCTModernEventEmitter] instead.
w: file:///C:/Dev/app-client-react-native/node_modules/react-native-webview/android/src/main/java/com/reactnativecommunity/webview/events/TopLoadingStartEvent.kt:23:21 'fun receiveEvent(targetTag: Int, eventName: String, params: WritableMap?): Unit' is deprecated. Use [RCTModernEventEmitter.receiveEvent] instead.
w: file:///C:/Dev/app-client-react-native/node_modules/react-native-webview/android/src/main/java/com/reactnativecommunity/webview/events/TopMessageEvent.kt:5:8 'interface RCTEventEmitter : JavaScriptModule' is deprecated. Use [RCTModernEventEmitter] instead.
w: file:///C:/Dev/app-client-react-native/node_modules/react-native-webview/android/src/main/java/com/reactnativecommunity/webview/events/TopMessageEvent.kt:10:75 'constructor<T : Event<T>>(viewTag: Int): Event<T>' is deprecated. Use constructor with explicit surfaceId instead.
w: file:///C:/Dev/app-client-react-native/node_modules/react-native-webview/android/src/main/java/com/reactnativecommunity/webview/events/TopMessageEvent.kt:21:16 This declaration overrides a deprecated member but is not marked as deprecated itself. Add the '@Deprecated' annotation or suppress the diagnostic.
w: file:///C:/Dev/app-client-react-native/node_modules/react-native-webview/android/src/main/java/com/reactnativecommunity/webview/events/TopMessageEvent.kt:21:42 'interface RCTEventEmitter : JavaScriptModule' is deprecated. Use [RCTModernEventEmitter] instead.
w: file:///C:/Dev/app-client-react-native/node_modules/react-native-webview/android/src/main/java/com/reactnativecommunity/webview/events/TopMessageEvent.kt:22:21 'fun receiveEvent(targetTag: Int, eventName: String, params: WritableMap?): Unit' is deprecated. Use [RCTModernEventEmitter.receiveEvent] instead.
w: file:///C:/Dev/app-client-react-native/node_modules/react-native-webview/android/src/main/java/com/reactnativecommunity/webview/events/TopNewWindowEvent.kt:5:8 'interface RCTEventEmitter : JavaScriptModule' is deprecated. Use [RCTModernEventEmitter] instead.
w: file:///C:/Dev/app-client-react-native/node_modules/react-native-webview/android/src/main/java/com/reactnativecommunity/webview/events/TopNewWindowEvent.kt:11:3 'constructor<T : Event<T>>(viewTag: Int): Event<T>' is deprecated. Use constructor with explicit surfaceId instead.
w: file:///C:/Dev/app-client-react-native/node_modules/react-native-webview/android/src/main/java/com/reactnativecommunity/webview/events/TopNewWindowEvent.kt:22:16 This declaration overrides a deprecated member but is not marked as deprecated itself. Add the '@Deprecated' annotation or suppress the diagnostic.
w: file:///C:/Dev/app-client-react-native/node_modules/react-native-webview/android/src/main/java/com/reactnativecommunity/webview/events/TopNewWindowEvent.kt:22:42 'interface RCTEventEmitter : JavaScriptModule' is deprecated. Use [RCTModernEventEmitter] instead.
w: file:///C:/Dev/app-client-react-native/node_modules/react-native-webview/android/src/main/java/com/reactnativecommunity/webview/events/TopNewWindowEvent.kt:23:21 'fun receiveEvent(targetTag: Int, eventName: String, params: WritableMap?): Unit' is deprecated. Use [RCTModernEventEmitter.receiveEvent] instead.
w: file:///C:/Dev/app-client-react-native/node_modules/react-native-webview/android/src/main/java/com/reactnativecommunity/webview/events/TopRenderProcessGoneEvent.kt:5:8 'interface RCTEventEmitter : JavaScriptModule' is deprecated. Use [RCTModernEventEmitter] instead.
w: file:///C:/Dev/app-client-react-native/node_modules/react-native-webview/android/src/main/java/com/reactnativecommunity/webview/events/TopRenderProcessGoneEvent.kt:12:3 'constructor<T : Event<T>>(viewTag: Int): Event<T>' is deprecated. Use constructor with explicit surfaceId instead.
w: file:///C:/Dev/app-client-react-native/node_modules/react-native-webview/android/src/main/java/com/reactnativecommunity/webview/events/TopRenderProcessGoneEvent.kt:23:16 This declaration overrides a deprecated member but is not marked as deprecated itself. Add the '@Deprecated' annotation or suppress the diagnostic.
w: file:///C:/Dev/app-client-react-native/node_modules/react-native-webview/android/src/main/java/com/reactnativecommunity/webview/events/TopRenderProcessGoneEvent.kt:23:42 'interface RCTEventEmitter : JavaScriptModule' is deprecated. Use [RCTModernEventEmitter] instead.
w: file:///C:/Dev/app-client-react-native/node_modules/react-native-webview/android/src/main/java/com/reactnativecommunity/webview/events/TopRenderProcessGoneEvent.kt:24:21 'fun receiveEvent(targetTag: Int, eventName: String, params: WritableMap?): Unit' is deprecated. Use [RCTModernEventEmitter.receiveEvent] instead.
w: file:///C:/Dev/app-client-react-native/node_modules/react-native-webview/android/src/main/java/com/reactnativecommunity/webview/events/TopShouldStartLoadWithRequestEvent.kt:5:8 'interface RCTEventEmitter : JavaScriptModule' is deprecated. Use [RCTModernEventEmitter] instead.
w: file:///C:/Dev/app-client-react-native/node_modules/react-native-webview/android/src/main/java/com/reactnativecommunity/webview/events/TopShouldStartLoadWithRequestEvent.kt:10:89 'constructor<T : Event<T>>(viewTag: Int): Event<T>' is deprecated. Use constructor with explicit surfaceId instead.
w: file:///C:/Dev/app-client-react-native/node_modules/react-native-webview/android/src/main/java/com/reactnativecommunity/webview/events/TopShouldStartLoadWithRequestEvent.kt:27:16 This declaration overrides a deprecated member but is not marked as deprecated itself. Add the '@Deprecated' annotation or suppress the diagnostic.
w: file:///C:/Dev/app-client-react-native/node_modules/react-native-webview/android/src/main/java/com/reactnativecommunity/webview/events/TopShouldStartLoadWithRequestEvent.kt:27:42 'interface RCTEventEmitter : JavaScriptModule' is deprecated. Use [RCTModernEventEmitter] instead.
w: file:///C:/Dev/app-client-react-native/node_modules/react-native-webview/android/src/main/java/com/reactnativecommunity/webview/events/TopShouldStartLoadWithRequestEvent.kt:28:21 'fun receiveEvent(targetTag: Int, eventName: String, params: WritableMap?): Unit' is deprecated. Use [RCTModernEventEmitter.receiveEvent] instead.

> Task :react-native-safe-area-context:compileReleaseKotlin
w: file:///C:/Dev/app-client-react-native/node_modules/react-native-safe-area-context/android/src/main/java/com/th3rdwave/safeareacontext/SafeAreaProviderManager.kt:39:19 'fun getEventDispatcherForReactTag(context: ReactContext, reactTag: Int): EventDispatcher?' is deprecated. reactTag is no longer needed.
w: file:///C:/Dev/app-client-react-native/node_modules/react-native-safe-area-context/android/src/main/java/com/th3rdwave/safeareacontext/SafeAreaView.kt:9:8 'class UIManagerModule : ReactContextBaseJavaModule, LifecycleEventListener, UIManager' is deprecated. Deprecated in Java.
w: file:///C:/Dev/app-client-react-native/node_modules/react-native-safe-area-context/android/src/main/java/com/th3rdwave/safeareacontext/SafeAreaView.kt:50:54 'class UIManagerModule : ReactContextBaseJavaModule, LifecycleEventListener, UIManager' is deprecated. Deprecated in Java.
w: file:///C:/Dev/app-client-react-native/node_modules/react-native-safe-area-context/android/src/main/java/com/th3rdwave/safeareacontext/SafeAreaView.kt:59:23 'val uiImplementation: UIImplementation!' is deprecated. Deprecated in Java.
w: file:///C:/Dev/app-client-react-native/node_modules/react-native-safe-area-context/android/src/main/java/com/th3rdwave/safeareacontext/SafeAreaViewShadowNode.kt:9:32 'class LayoutShadowNode : ReactShadowNodeImpl' is deprecated. This class is part of Legacy Architecture and will be removed in a future release.
w: file:///C:/Dev/app-client-react-native/node_modules/react-native-safe-area-context/android/src/main/java/com/th3rdwave/safeareacontext/SafeAreaViewShadowNode.kt:110:61 'class NativeViewHierarchyOptimizer : Any' is deprecated. This class is part of Legacy Architecture and will be removed in a future release.

> Task :react-native-screens:compileReleaseKotlin
> Task :react-native-screens:buildCMakeRelWithDebInfo[x86_64]
> Task :react-native-screens:mergeReleaseJniLibFolders
> Task :react-native-screens:prepareReleaseArtProfile
> Task :react-native-screens:extractProguardFiles
> Task :react-native-screens:prepareLintJarForPublish
> Task :react-native-screens:extractDeepLinksForAarRelease
> Task :react-native-screens:writeReleaseLintModelMetadata
> Task :react-native-screens:mergeReleaseNativeLibs
> Task :react-native-screens:copyReleaseJniLibsProjectOnly

> Task :react-native-google-signin_google-signin:compileReleaseJavaWithJavac
Note: Some input files use or override a deprecated API.
Note: Recompile with -Xlint:deprecation for details.
Note: C:\Dev\app-client-react-native\node_modules\@react-native-google-signin\google-signin\android\src\main\java\com\reactnativegooglesignin\RNGoogleSigninModule.java uses unchecked or unsafe operations.
Note: Recompile with -Xlint:unchecked for details.

> Task :react-native-google-signin_google-signin:bundleLibCompileToJarRelease
> Task :react-native-google-signin_google-signin:processReleaseJavaRes
> Task :react-native-google-signin_google-signin:bundleLibRuntimeToDirRelease
> Task :react-native-google-signin_google-signin:bundleLibRuntimeToJarRelease
> Task :react-native-google-signin_google-signin:generateReleaseLintModel
> Task :react-native-google-signin_google-signin:createFullJarRelease
> Task :react-native-google-signin_google-signin:extractReleaseAnnotations
> Task :react-native-google-signin_google-signin:mergeReleaseGeneratedProguardFiles
> Task :react-native-google-signin_google-signin:mergeReleaseConsumerProguardFiles
> Task :react-native-google-signin_google-signin:generateReleaseLintVitalModel
> Task :react-native-google-signin_google-signin:mergeReleaseJavaResource
> Task :react-native-google-signin_google-signin:syncReleaseLibJars
> Task :react-native-google-signin_google-signin:bundleReleaseLocalLintAar
> Task :expo-modules-core:compileReleaseKotlin

> Task :react-native-gesture-handler:compileReleaseKotlin
w: file:///C:/Dev/app-client-react-native/node_modules/react-native-gesture-handler/android/src/main/java/com/swmansion/gesturehandler/react/Extensions.kt:8:8 'class UIManagerModule : ReactContextBaseJavaModule, LifecycleEventListener, UIManager' is deprecated. Deprecated in Java.
w: file:///C:/Dev/app-client-react-native/node_modules/react-native-gesture-handler/android/src/main/java/com/swmansion/gesturehandler/react/Extensions.kt:13:29 'class UIManagerModule : ReactContextBaseJavaModule, LifecycleEventListener, UIManager' is deprecated. Deprecated in Java.
w: file:///C:/Dev/app-client-react-native/node_modules/react-native-gesture-handler/android/src/main/java/com/swmansion/gesturehandler/react/Extensions.kt:14:32 'class UIManagerModule : ReactContextBaseJavaModule, LifecycleEventListener, UIManager' is deprecated. Deprecated in Java.

> Task :react-native-safe-area-context:compileReleaseJavaWithJavac
> Task :react-native-safe-area-context:bundleLibRuntimeToJarRelease
> Task :react-native-safe-area-context:bundleLibCompileToJarRelease
> Task :react-native-safe-area-context:processReleaseJavaRes
> Task :react-native-safe-area-context:createFullJarRelease
> Task :react-native-safe-area-context:generateReleaseLintModel
> Task :react-native-safe-area-context:extractReleaseAnnotations
> Task :react-native-safe-area-context:mergeReleaseGeneratedProguardFiles
> Task :react-native-safe-area-context:mergeReleaseConsumerProguardFiles
> Task :react-native-safe-area-context:mergeReleaseJavaResource
> Task :react-native-safe-area-context:syncReleaseLibJars
> Task :react-native-safe-area-context:bundleReleaseLocalLintAar
> Task :react-native-safe-area-context:generateReleaseLintVitalModel
> Task :react-native-safe-area-context:bundleLibRuntimeToDirRelease
> Task :react-native-screens:stripReleaseDebugSymbols
> Task :react-native-screens:copyReleaseJniLibsProjectAndLocalJars
> Task :react-native-worklets:buildCMakeRelWithDebInfo[x86_64][worklets]
> Task :react-native-worklets:externalNativeBuildRelease
> Task :react-native-worklets:generateJsonModelRelease
> Task :react-native-worklets:prefabReleaseConfigurePackage
> Task :react-native-gesture-handler:compileReleaseJavaWithJavac
> Task :react-native-gesture-handler:processReleaseJavaRes
> Task :react-native-gesture-handler:bundleLibRuntimeToJarRelease
> Task :react-native-gesture-handler:bundleLibCompileToJarRelease
> Task :react-native-gesture-handler:extractReleaseAnnotations
> Task :react-native-gesture-handler:createFullJarRelease
> Task :react-native-gesture-handler:mergeReleaseGeneratedProguardFiles
> Task :react-native-gesture-handler:mergeReleaseConsumerProguardFiles
> Task :react-native-gesture-handler:mergeReleaseJavaResource
> Task :react-native-worklets:prefabReleasePackage
> Task :react-native-gesture-handler:syncReleaseLibJars
> Task :react-native-worklets:mergeReleaseJniLibFolders
> Task :react-native-worklets:prepareReleaseArtProfile
> Task :react-native-worklets:createFullJarRelease
> Task :react-native-reanimated:configureCMakeRelWithDebInfo[arm64-v8a]
> Task :expo-modules-core:configureCMakeRelWithDebInfo[arm64-v8a]
> Task :react-native-worklets:extractProguardFiles
> Task :react-native-reanimated:configureCMakeRelWithDebInfo[armeabi-v7a]
> Task :expo-modules-core:configureCMakeRelWithDebInfo[armeabi-v7a]
> Task :react-native-worklets:generateReleaseLintModel
> Task :react-native-worklets:prepareLintJarForPublish
> Task :react-native-worklets:extractDeepLinksForAarRelease
> Task :react-native-reanimated:configureCMakeRelWithDebInfo[x86]
> Task :react-native-worklets:extractReleaseAnnotations
> Task :react-native-worklets:mergeReleaseGeneratedProguardFiles
> Task :react-native-worklets:mergeReleaseConsumerProguardFiles
> Task :react-native-reanimated:configureCMakeRelWithDebInfo[x86_64]
> Task :react-native-reanimated:generateJsonModelRelease
> Task :react-native-worklets:writeReleaseLintModelMetadata
> Task :react-native-worklets:mergeReleaseJavaResource
> Task :react-native-reanimated:prefabReleaseConfigurePackage
> Task :react-native-worklets:syncReleaseLibJars
> Task :react-native-worklets:generateReleaseLintVitalModel
> Task :react-native-worklets:mergeReleaseNativeLibs
> Task :react-native-worklets:copyReleaseJniLibsProjectOnly
> Task :react-native-worklets:stripReleaseDebugSymbols
> Task :react-native-worklets:copyReleaseJniLibsProjectAndLocalJars

> Task :app:createBundleReleaseJsAndAssets
Android Bundled 42367ms node_modules\expo-router\entry.js (1770 modules)
Writing bundle output to: android\app\build\generated\assets\react\release\index.android.bundle
Writing sourcemap output to: android\app\build\intermediates\sourcemaps\react\release\index.android.bundle.packager.map
Copying 35 asset files
Done writing bundle output
Done writing sourcemap output

> Task :react-native-worklets:bundleReleaseLocalLintAar

> Task :react-native-webview:compileReleaseJavaWithJavac
Note: Some input files use or override a deprecated API.
Note: Recompile with -Xlint:deprecation for details.

> Task :react-native-gesture-handler:bundleLibRuntimeToDirRelease
> Task :react-native-webview:bundleLibCompileToJarRelease
> Task :react-native-webview:processReleaseJavaRes
> Task :react-native-webview:generateReleaseLintModel
> Task :react-native-webview:bundleLibRuntimeToDirRelease
> Task :react-native-webview:bundleLibRuntimeToJarRelease
> Task :react-native-webview:extractReleaseAnnotations
> Task :react-native-webview:createFullJarRelease
> Task :react-native-webview:mergeReleaseGeneratedProguardFiles
> Task :react-native-webview:mergeReleaseConsumerProguardFiles
> Task :react-native-webview:mergeReleaseJavaResource
> Task :react-native-webview:syncReleaseLibJars
> Task :react-native-webview:bundleReleaseLocalLintAar
> Task :react-native-webview:generateReleaseLintVitalModel
> Task :react-native-google-signin_google-signin:lintVitalAnalyzeRelease
> Task :react-native-worklets:lintVitalAnalyzeRelease
> Task :expo-modules-core:buildCMakeRelWithDebInfo[arm64-v8a]

> Task :react-native-screens:compileReleaseKotlin
w: file:///C:/Dev/app-client-react-native/node_modules/react-native-screens/android/src/main/java/com/swmansion/rnscreens/RNScreensPackage.kt:66:9 The corresponding parameter in the supertype 'BaseReactPackage' is named 'name'. This may cause problems when calling this function with named arguments.
w: file:///C:/Dev/app-client-react-native/node_modules/react-native-screens/android/src/main/java/com/swmansion/rnscreens/RNScreensPackage.kt:67:9 The corresponding parameter in the supertype 'BaseReactPackage' is named 'reactContext'. This may cause problems when calling this function with named arguments.
w: file:///C:/Dev/app-client-react-native/node_modules/react-native-screens/android/src/main/java/com/swmansion/rnscreens/RNScreensPackage.kt:79:17 'constructor(name: String, className: String, canOverrideExistingModule: Boolean, needsEagerInit: Boolean, hasConstants: Boolean, isCxxModule: Boolean, isTurboModule: Boolean): ReactModuleInfo' is deprecated. This constructor is deprecated and will be removed in the future. Use ReactModuleInfo(String, String, boolean, boolean, boolean, boolean)].
w: file:///C:/Dev/app-client-react-native/node_modules/react-native-screens/android/src/main/java/com/swmansion/rnscreens/Screen.kt:53:77 Unchecked cast of '(CoordinatorLayout.Behavior<View!>?..CoordinatorLayout.Behavior<*>?)' to 'BottomSheetBehavior<Screen>'.
w: file:///C:/Dev/app-client-react-native/node_modules/react-native-screens/android/src/main/java/com/swmansion/rnscreens/Screen.kt:58:33 'fun getEventDispatcherForReactTag(context: ReactContext, reactTag: Int): EventDispatcher?' is deprecated. reactTag is no longer needed.
w: file:///C:/Dev/app-client-react-native/node_modules/react-native-screens/android/src/main/java/com/swmansion/rnscreens/Screen.kt:515:14 'fun getEventDispatcherForReactTag(context: ReactContext, reactTag: Int): EventDispatcher?' is deprecated. reactTag is no longer needed.
w: file:///C:/Dev/app-client-react-native/node_modules/react-native-screens/android/src/main/java/com/swmansion/rnscreens/ScreenContainer.kt:250:18 'fun getEventDispatcherForReactTag(context: ReactContext, reactTag: Int): EventDispatcher?' is deprecated. reactTag is no longer needed.
w: file:///C:/Dev/app-client-react-native/node_modules/react-native-screens/android/src/main/java/com/swmansion/rnscreens/ScreenContainer.kt:260:18 'fun getEventDispatcherForReactTag(context: ReactContext, reactTag: Int): EventDispatcher?' is deprecated. reactTag is no longer needed.
w: file:///C:/Dev/app-client-react-native/node_modules/react-native-screens/android/src/main/java/com/swmansion/rnscreens/ScreenFragment.kt:225:37 'fun getEventDispatcherForReactTag(context: ReactContext, reactTag: Int): EventDispatcher?' is deprecated. reactTag is no longer needed.
w: file:///C:/Dev/app-client-react-native/node_modules/react-native-screens/android/src/main/java/com/swmansion/rnscreens/ScreenFragment.kt:242:14 'fun getEventDispatcherForReactTag(context: ReactContext, reactTag: Int): EventDispatcher?' is deprecated. reactTag is no longer needed.
w: file:///C:/Dev/app-client-react-native/node_modules/react-native-screens/android/src/main/java/com/swmansion/rnscreens/ScreenFragment.kt:258:22 'fun getEventDispatcherForReactTag(context: ReactContext, reactTag: Int): EventDispatcher?' is deprecated. reactTag is no longer needed.
w: file:///C:/Dev/app-client-react-native/node_modules/react-native-screens/android/src/main/java/com/swmansion/rnscreens/ScreenFragment.kt:327:22 'fun getEventDispatcherForReactTag(context: ReactContext, reactTag: Int): EventDispatcher?' is deprecated. reactTag is no longer needed.
w: file:///C:/Dev/app-client-react-native/node_modules/react-native-screens/android/src/main/java/com/swmansion/rnscreens/ScreenModalFragment.kt:180:22 'fun getEventDispatcherForReactTag(context: ReactContext, reactTag: Int): EventDispatcher?' is deprecated. reactTag is no longer needed.
w: file:///C:/Dev/app-client-react-native/node_modules/react-native-screens/android/src/main/java/com/swmansion/rnscreens/ScreenStack.kt:106:14 'fun getEventDispatcherForReactTag(context: ReactContext, reactTag: Int): EventDispatcher?' is deprecated. reactTag is no longer needed.
w: file:///C:/Dev/app-client-react-native/node_modules/react-native-screens/android/src/main/java/com/swmansion/rnscreens/ScreenStackFragment.kt:169:18 'fun getEventDispatcherForReactTag(context: ReactContext, reactTag: Int): EventDispatcher?' is deprecated. reactTag is no longer needed.
w: file:///C:/Dev/app-client-react-native/node_modules/react-native-screens/android/src/main/java/com/swmansion/rnscreens/ScreenStackFragment.kt:226:31 'var targetElevation: Float' is deprecated. Deprecated in Java.
w: file:///C:/Dev/app-client-react-native/node_modules/react-native-screens/android/src/main/java/com/swmansion/rnscreens/ScreenStackFragment.kt:229:13 'fun setHasOptionsMenu(p0: Boolean): Unit' is deprecated. Deprecated in Java.
w: file:///C:/Dev/app-client-react-native/node_modules/react-native-screens/android/src/main/java/com/swmansion/rnscreens/ScreenStackFragment.kt:439:18 This declaration overrides a deprecated member but is not marked as deprecated itself. Add the '@Deprecated' annotation or suppress the diagnostic.
w: file:///C:/Dev/app-client-react-native/node_modules/react-native-screens/android/src/main/java/com/swmansion/rnscreens/ScreenStackFragment.kt:446:22 'fun onPrepareOptionsMenu(p0: Menu): Unit' is deprecated. Deprecated in Java.
w: file:///C:/Dev/app-client-react-native/node_modules/react-native-screens/android/src/main/java/com/swmansion/rnscreens/ScreenStackFragment.kt:449:18 This declaration overrides a deprecated member but is not marked as deprecated itself. Add the '@Deprecated' annotation or suppress the diagnostic.
w: file:///C:/Dev/app-client-react-native/node_modules/react-native-screens/android/src/main/java/com/swmansion/rnscreens/ScreenStackFragment.kt:454:22 'fun onCreateOptionsMenu(p0: Menu, p1: MenuInflater): Unit' is deprecated. Deprecated in Java.
w: file:///C:/Dev/app-client-react-native/node_modules/react-native-screens/android/src/main/java/com/swmansion/rnscreens/ScreenStackHeaderConfig.kt:181:14 'fun getEventDispatcherForReactTag(context: ReactContext, reactTag: Int): EventDispatcher?' is deprecated. reactTag is no longer needed.
w: file:///C:/Dev/app-client-react-native/node_modules/react-native-screens/android/src/main/java/com/swmansion/rnscreens/ScreenStackHeaderConfig.kt:191:14 'fun getEventDispatcherForReactTag(context: ReactContext, reactTag: Int): EventDispatcher?' is deprecated. reactTag is no longer needed.
w: file:///C:/Dev/app-client-react-native/node_modules/react-native-screens/android/src/main/java/com/swmansion/rnscreens/ScreenWindowTraits.kt:48:42 'fun replaceSystemWindowInsets(p0: Int, p1: Int, p2: Int, p3: Int): @NonNull() WindowInsetsCompat' is deprecated. Deprecated in Java.
w: file:///C:/Dev/app-client-react-native/node_modules/react-native-screens/android/src/main/java/com/swmansion/rnscreens/ScreenWindowTraits.kt:49:39 'val systemWindowInsetLeft: Int' is deprecated. Deprecated in Java.
w: file:///C:/Dev/app-client-react-native/node_modules/react-native-screens/android/src/main/java/com/swmansion/rnscreens/ScreenWindowTraits.kt:51:39 'val systemWindowInsetRight: Int' is deprecated. Deprecated in Java.
w: file:///C:/Dev/app-client-react-native/node_modules/react-native-screens/android/src/main/java/com/swmansion/rnscreens/ScreenWindowTraits.kt:52:39 'val systemWindowInsetBottom: Int' is deprecated. Deprecated in Java.
w: file:///C:/Dev/app-client-react-native/node_modules/react-native-screens/android/src/main/java/com/swmansion/rnscreens/ScreensModule.kt:100:14 'fun getEventDispatcherForReactTag(context: ReactContext, reactTag: Int): EventDispatcher?' is deprecated. reactTag is no longer needed.
w: file:///C:/Dev/app-client-react-native/node_modules/react-native-screens/android/src/main/java/com/swmansion/rnscreens/SearchBarView.kt:137:29 'fun getEventDispatcherForReactTag(context: ReactContext, reactTag: Int): EventDispatcher?' is deprecated. reactTag is no longer needed.
w: file:///C:/Dev/app-client-react-native/node_modules/react-native-screens/android/src/main/java/com/swmansion/rnscreens/bottomsheet/BottomSheetDialogRootView.kt:7:8 'object ReactFeatureFlags : Any' is deprecated. Use com.facebook.react.internal.featureflags.ReactNativeFeatureFlags instead.
w: file:///C:/Dev/app-client-react-native/node_modules/react-native-screens/android/src/main/java/com/swmansion/rnscreens/bottomsheet/BottomSheetDialogRootView.kt:25:13 'object ReactFeatureFlags : Any' is deprecated. Use com.facebook.react.internal.featureflags.ReactNativeFeatureFlags instead.
w: file:///C:/Dev/app-client-react-native/node_modules/react-native-screens/android/src/main/java/com/swmansion/rnscreens/bottomsheet/BottomSheetDialogRootView.kt:32:9 The corresponding parameter in the supertype 'ReactViewGroup' is named 'left'. This may cause problems when calling this function with named arguments.
w: file:///C:/Dev/app-client-react-native/node_modules/react-native-screens/android/src/main/java/com/swmansion/rnscreens/bottomsheet/BottomSheetDialogRootView.kt:33:9 The corresponding parameter in the supertype 'ReactViewGroup' is named 'top'. This may cause problems when calling this function with named arguments.
w: file:///C:/Dev/app-client-react-native/node_modules/react-native-screens/android/src/main/java/com/swmansion/rnscreens/bottomsheet/BottomSheetDialogRootView.kt:34:9 The corresponding parameter in the supertype 'ReactViewGroup' is named 'right'. This may cause problems when calling this function with named arguments.
w: file:///C:/Dev/app-client-react-native/node_modules/react-native-screens/android/src/main/java/com/swmansion/rnscreens/bottomsheet/BottomSheetDialogRootView.kt:35:9 The corresponding parameter in the supertype 'ReactViewGroup' is named 'bottom'. This may cause problems when calling this function with named arguments.
w: file:///C:/Dev/app-client-react-native/node_modules/react-native-screens/android/src/main/java/com/swmansion/rnscreens/bottomsheet/BottomSheetDialogRootView.kt:71:9 The corresponding parameter in the supertype 'RootView' is named 'childView'. This may cause problems when calling this function with named arguments.
w: file:///C:/Dev/app-client-react-native/node_modules/react-native-screens/android/src/main/java/com/swmansion/rnscreens/bottomsheet/BottomSheetDialogRootView.kt:72:9 The corresponding parameter in the supertype 'RootView' is named 'ev'. This may cause problems when calling this function with named arguments.
w: file:///C:/Dev/app-client-react-native/node_modules/react-native-screens/android/src/main/java/com/swmansion/rnscreens/bottomsheet/BottomSheetDialogRootView.kt:79:46 The corresponding parameter in the supertype 'RootView' is named 'ev'. This may cause problems when calling this function with named arguments.
w: file:///C:/Dev/app-client-react-native/node_modules/react-native-screens/android/src/main/java/com/swmansion/rnscreens/bottomsheet/BottomSheetDialogRootView.kt:83:9 The corresponding parameter in the supertype 'RootView' is named 'childView'. This may cause problems when calling this function with named arguments.
w: file:///C:/Dev/app-client-react-native/node_modules/react-native-screens/android/src/main/java/com/swmansion/rnscreens/bottomsheet/BottomSheetDialogRootView.kt:84:9 The corresponding parameter in the supertype 'RootView' is named 'ev'. This may cause problems when calling this function with named arguments.
w: file:///C:/Dev/app-client-react-native/node_modules/react-native-screens/android/src/main/java/com/swmansion/rnscreens/bottomsheet/BottomSheetDialogRootView.kt:95:34 The corresponding parameter in the supertype 'RootView' is named 't'. This may cause problems when calling this function with named arguments.
w: file:///C:/Dev/app-client-react-native/node_modules/react-native-screens/android/src/main/java/com/swmansion/rnscreens/bottomsheet/DimmingView.kt:64:9 The corresponding parameter in the supertype 'ReactCompoundView' is named 'touchX'. This may cause problems when calling this function with named arguments.
w: file:///C:/Dev/app-client-react-native/node_modules/react-native-screens/android/src/main/java/com/swmansion/rnscreens/bottomsheet/DimmingView.kt:65:9 The corresponding parameter in the supertype 'ReactCompoundView' is named 'touchY'. This may cause problems when calling this function with named arguments.
w: file:///C:/Dev/app-client-react-native/node_modules/react-native-screens/android/src/main/java/com/swmansion/rnscreens/bottomsheet/DimmingView.kt:69:9 The corresponding parameter in the supertype 'ReactCompoundViewGroup' is named 'touchX'. This may cause problems when calling this function with named arguments.
w: file:///C:/Dev/app-client-react-native/node_modules/react-native-screens/android/src/main/java/com/swmansion/rnscreens/bottomsheet/DimmingView.kt:70:9 The corresponding parameter in the supertype 'ReactCompoundViewGroup' is named 'touchY'. This may cause problems when calling this function with named arguments.
w: file:///C:/Dev/app-client-react-native/node_modules/react-native-screens/android/src/main/java/com/swmansion/rnscreens/gamma/common/event/BaseEventEmitter.kt:12:38 'fun getEventDispatcherForReactTag(context: ReactContext, reactTag: Int): EventDispatcher?' is deprecated. reactTag is no longer needed.
w: file:///C:/Dev/app-client-react-native/node_modules/react-native-screens/android/src/main/java/com/swmansion/rnscreens/gamma/tabs/host/TabsHostViewManager.kt:44:9 The corresponding parameter in the supertype 'TabsHostViewManager' is named 'view'. This may cause problems when calling this function with named arguments.
w: file:///C:/Dev/app-client-react-native/node_modules/react-native-screens/android/src/main/java/com/swmansion/rnscreens/safearea/SafeAreaView.kt:143:45 'fun consumeDisplayCutout(): @NonNull() WindowInsetsCompat' is deprecated. Deprecated in Java.

> Task :react-native-safe-area-context:lintVitalAnalyzeRelease
> Task :expo-modules-core:buildCMakeRelWithDebInfo[armeabi-v7a]
> Task :expo-modules-core:configureCMakeRelWithDebInfo[x86]
> Task :react-native-webview:lintVitalAnalyzeRelease
> Task :expo-modules-core:buildCMakeRelWithDebInfo[x86]
> Task :expo-modules-core:configureCMakeRelWithDebInfo[x86_64]

> Task :expo-modules-core:compileReleaseKotlin
w: file:///C:/Dev/app-client-react-native/node_modules/expo-modules-core/android/src/main/java/expo/modules/apploader/AppLoaderProvider.kt:34:52 Unchecked cast of 'Class<*>!' to 'Class<out HeadlessAppLoader>'.
w: file:///C:/Dev/app-client-react-native/node_modules/expo-modules-core/android/src/main/java/expo/modules/kotlin/AppContext.kt:14:8 'class UIManagerModule : ReactContextBaseJavaModule, LifecycleEventListener, UIManager' is deprecated. Deprecated in Java.
w: file:///C:/Dev/app-client-react-native/node_modules/expo-modules-core/android/src/main/java/expo/modules/kotlin/AppContext.kt:22:8 'typealias ErrorManagerModule = JSLoggerModule' is deprecated. Use JSLoggerModule instead.
w: file:///C:/Dev/app-client-react-native/node_modules/expo-modules-core/android/src/main/java/expo/modules/kotlin/AppContext.kt:61:13 'val hostingRuntimeContext: MainRuntime' is deprecated. Use AppContext.runtimeContext instead.
w: file:///C:/Dev/app-client-react-native/node_modules/expo-modules-core/android/src/main/java/expo/modules/kotlin/AppContext.kt:271:21 'typealias ErrorManagerModule = JSLoggerModule' is deprecated. Use JSLoggerModule instead.
w: file:///C:/Dev/app-client-react-native/node_modules/expo-modules-core/android/src/main/java/expo/modules/kotlin/AppContext.kt:380:21 'val DEFAULT: Int' is deprecated. UIManagerType.DEFAULT will be deleted in the next release of React Native. Use [LEGACY] instead.
w: file:///C:/Dev/app-client-react-native/node_modules/expo-modules-core/android/src/main/java/expo/modules/kotlin/AppContext.kt:381:10 'class UIManagerModule : ReactContextBaseJavaModule, LifecycleEventListener, UIManager' is deprecated. Deprecated in Java.
w: file:///C:/Dev/app-client-react-native/node_modules/expo-modules-core/android/src/main/java/expo/modules/kotlin/defaultmodules/NativeModulesProxyModule.kt:16:5 'fun Constants(legacyConstantsProvider: () -> Map<String, Any?>): Unit' is deprecated. Use `Constant` or `Property` instead.
w: file:///C:/Dev/app-client-react-native/node_modules/expo-modules-core/android/src/main/java/expo/modules/kotlin/events/KModuleEventEmitterWrapper.kt:99:21 'fun getEventDispatcherForReactTag(context: ReactContext, reactTag: Int): EventDispatcher?' is deprecated. reactTag is no longer needed.
w: file:///C:/Dev/app-client-react-native/node_modules/expo-modules-core/android/src/main/java/expo/modules/kotlin/events/KModuleEventEmitterWrapper.kt:108:21 'fun getEventDispatcherForReactTag(context: ReactContext, reactTag: Int): EventDispatcher?' is deprecated. reactTag is no longer needed.
w: file:///C:/Dev/app-client-react-native/node_modules/expo-modules-core/android/src/main/java/expo/modules/kotlin/views/ViewDefinitionBuilder.kt:470:16 'val errorManager: JSLoggerModule?' is deprecated. Use AppContext.jsLogger instead.
w: file:///C:/Dev/app-client-react-native/node_modules/expo-modules-core/android/src/main/java/expo/modules/kotlin/views/ViewDefinitionBuilder.kt:470:30 'fun reportExceptionToLogBox(codedException: CodedException): Unit' is deprecated. Use appContext.jsLogger.error(...) instead.
w: file:///C:/Dev/app-client-react-native/node_modules/expo-modules-core/android/src/main/java/expo/modules/kotlin/views/ViewManagerDefinition.kt:41:16 'val errorManager: JSLoggerModule?' is deprecated. Use AppContext.jsLogger instead.
w: file:///C:/Dev/app-client-react-native/node_modules/expo-modules-core/android/src/main/java/expo/modules/kotlin/views/ViewManagerDefinition.kt:41:30 'fun reportExceptionToLogBox(codedException: CodedException): Unit' is deprecated. Use appContext.jsLogger.error(...) instead.

> Task :react-native-screens:compileReleaseJavaWithJavac
> Task :react-native-screens:processReleaseJavaRes
> Task :react-native-screens:generateReleaseLintModel
> Task :react-native-screens:bundleLibCompileToJarRelease
> Task :react-native-screens:bundleLibRuntimeToJarRelease
> Task :react-native-screens:extractReleaseAnnotations
> Task :react-native-screens:createFullJarRelease
> Task :react-native-screens:mergeReleaseGeneratedProguardFiles
> Task :react-native-screens:mergeReleaseConsumerProguardFiles
> Task :react-native-screens:mergeReleaseJavaResource
> Task :expo-modules-core:buildCMakeRelWithDebInfo[x86_64]
> Task :react-native-screens:bundleLibRuntimeToDirRelease
> Task :expo-modules-core:mergeReleaseNativeLibs
> Task :expo-modules-core:copyReleaseJniLibsProjectOnly
> Task :expo-modules-core:stripReleaseDebugSymbols
> Task :expo-modules-core:copyReleaseJniLibsProjectAndLocalJars
> Task :react-native-reanimated:buildCMakeRelWithDebInfo[arm64-v8a][reanimated]
> Task :react-native-gesture-handler:configureCMakeRelWithDebInfo[arm64-v8a]
> Task :app:generateAutolinkingNewArchitectureFiles
> Task :app:generateAutolinkingPackageList
> Task :app:generateCodegenSchemaFromJavaScript SKIPPED
> Task :app:generateCodegenArtifactsFromSchema SKIPPED
> Task :app:generateReactNativeEntryPoint
> Task :app:preBuild
> Task :app:preReleaseBuild
> Task :app:generateReleaseResValues
> Task :app:mapReleaseSourceSetPaths
> Task :app:generateReleaseResources
> Task :react-native-screens:syncReleaseLibJars
> Task :react-native-screens:bundleReleaseLocalLintAar
> Task :react-native-screens:generateReleaseLintVitalModel
> Task :app:createReleaseCompatibleScreenManifests
> Task :app:extractDeepLinksRelease

> Task :app:processReleaseMainManifest
C:\Dev\app-client-react-native\android\app\src\main\AndroidManifest.xml Warning:
	provider#expo.modules.filesystem.FileSystemFileProvider@android:authorities was tagged at AndroidManifest.xml:0 to replace other declarations but no other declaration present

> Task :app:expoReleaseOverrideMaxSdkConflicts
[33m---------- Expo Max Sdk Override Plugin ----------[0m
[32m>>> No 'android:maxSdkVersion' conflicts found[0m
[33m--------------------------------------------------[0m

> Task :expo-modules-core:compileReleaseJavaWithJavac
Note: Some input files use or override a deprecated API.
Note: Recompile with -Xlint:deprecation for details.

> Task :app:processReleaseManifest
> Task :app:processApplicationManifestReleaseForBundle
> Task :app:checkReleaseAarMetadata
> Task :app:packageReleaseResources
> Task :app:mergeReleaseResources
> Task :app:parseReleaseLocalResources
> Task :app:extractReleaseVersionControlInfo
> Task :app:buildKotlinToolingMetadata
> Task :app:checkKotlinGradlePluginConfigurationErrors SKIPPED
> Task :app:generateReleaseBuildConfig
> Task :app:javaPreCompileRelease
> Task :app:desugarReleaseFileDependencies
> Task :app:mergeReleaseStartupProfile
> Task :app:mergeReleaseShaders
> Task :app:compileReleaseShaders NO-SOURCE
> Task :app:generateReleaseAssets UP-TO-DATE
> Task :app:mergeReleaseAssets
> Task :app:checkReleaseDuplicateClasses
> Task :expo-modules-core:bundleLibCompileToJarRelease
> Task :expo-dev-menu-interface:compileReleaseKotlin NO-SOURCE
> Task :expo-dev-client:compileReleaseKotlin NO-SOURCE
> Task :expo-modules-core:processReleaseJavaRes
> Task :expo-modules-core:generateReleaseLintModel
> Task :expo-dev-client:compileReleaseJavaWithJavac
> Task :expo-dev-client:bundleLibCompileToJarRelease
> Task :expo-dev-client:bundleLibRuntimeToDirRelease
> Task :expo-dev-client:bundleLibRuntimeToJarRelease
> Task :expo-modules-core:extractReleaseAnnotations
> Task :expo-dev-client:processReleaseJavaRes NO-SOURCE
> Task :expo-modules-core:mergeReleaseGeneratedProguardFiles
> Task :expo-dev-client:createFullJarRelease
> Task :expo-modules-core:mergeReleaseConsumerProguardFiles
> Task :expo-dev-client:extractReleaseAnnotations
> Task :expo-modules-core:mergeReleaseJavaResource
> Task :expo-dev-client:mergeReleaseGeneratedProguardFiles
> Task :expo-dev-client:mergeReleaseConsumerProguardFiles
> Task :expo-dev-client:mergeReleaseJavaResource
> Task :expo-dev-client:syncReleaseLibJars
> Task :expo-dev-client:bundleReleaseLocalLintAar
> Task :expo-dev-menu-interface:compileReleaseJavaWithJavac
> Task :expo-modules-core:bundleLibRuntimeToJarRelease
> Task :expo-dev-menu-interface:bundleLibCompileToJarRelease
> Task :expo-dev-menu-interface:processReleaseJavaRes NO-SOURCE
> Task :expo-dev-menu-interface:bundleLibRuntimeToDirRelease
> Task :expo-dev-menu-interface:bundleLibRuntimeToJarRelease
> Task :expo-dev-menu-interface:extractReleaseAnnotations
> Task :expo-dev-menu-interface:createFullJarRelease
> Task :expo-dev-menu-interface:mergeReleaseGeneratedProguardFiles
> Task :expo-dev-menu-interface:mergeReleaseConsumerProguardFiles
> Task :expo-dev-menu-interface:mergeReleaseJavaResource
> Task :expo-dev-menu-interface:syncReleaseLibJars
> Task :expo-dev-menu-interface:bundleReleaseLocalLintAar

> Task :expo-constants:compileReleaseKotlin
w: file:///C:/Dev/app-client-react-native/node_modules/expo-constants/android/src/main/java/expo/modules/constants/ConstantsModule.kt:13:5 'fun Constants(legacyConstantsProvider: () -> Map<String, Any?>): Unit' is deprecated. Use `Constant` or `Property` instead.

> Task :expo-json-utils:compileReleaseKotlin
> Task :expo-modules-core:syncReleaseLibJars
> Task :expo-modules-core:createFullJarRelease
> Task :expo-modules-core:bundleReleaseLocalLintAar
> Task :expo-dev-menu-interface:generateReleaseLintModel
> Task :expo-json-utils:compileReleaseJavaWithJavac
> Task :expo-json-utils:bundleLibCompileToJarRelease
> Task :expo-dev-client:generateReleaseLintModel
> Task :expo-json-utils:bundleLibRuntimeToDirRelease
> Task :expo-updates-interface:compileReleaseKotlin

> Task :expo-dev-launcher:compileReleaseKotlin
w: file:///C:/Dev/app-client-react-native/node_modules/expo-dev-launcher/android/src/main/java/expo/modules/devlauncher/DevLauncherPackage.kt:15:16 This declaration overrides a deprecated member but is not marked as deprecated itself. Add the '@Deprecated' annotation or suppress the diagnostic.

> Task :expo-log-box:compileReleaseKotlin
> Task :expo-dev-menu:compileReleaseKotlin
> Task :expo-dev-menu-interface:lintVitalAnalyzeRelease
> Task :expo-json-utils:bundleLibRuntimeToJarRelease
> Task :expo-dev-client:lintVitalAnalyzeRelease
> Task :expo-json-utils:processReleaseJavaRes
> Task :expo-dev-client:generateReleaseLintVitalModel
> Task :expo-json-utils:createFullJarRelease
> Task :expo-json-utils:generateReleaseLintModel
> Task :expo-dev-menu-interface:generateReleaseLintVitalModel
> Task :expo-json-utils:extractReleaseAnnotations
> Task :expo-json-utils:mergeReleaseGeneratedProguardFiles
> Task :expo-updates-interface:compileReleaseJavaWithJavac
> Task :expo-json-utils:mergeReleaseConsumerProguardFiles
> Task :expo-json-utils:mergeReleaseJavaResource
> Task :expo-updates-interface:bundleLibCompileToJarRelease
> Task :expo-updates-interface:bundleLibRuntimeToJarRelease
> Task :expo-updates-interface:bundleLibRuntimeToDirRelease
> Task :expo-json-utils:syncReleaseLibJars
> Task :expo-updates-interface:processReleaseJavaRes
> Task :expo-json-utils:bundleReleaseLocalLintAar
> Task :expo-json-utils:generateReleaseLintVitalModel
> Task :expo-updates-interface:createFullJarRelease
> Task :expo-modules-core:generateReleaseLintVitalModel
> Task :expo-updates-interface:generateReleaseLintModel
> Task :expo-updates-interface:extractReleaseAnnotations
> Task :expo-updates-interface:mergeReleaseGeneratedProguardFiles
> Task :expo-updates-interface:mergeReleaseConsumerProguardFiles
> Task :expo-updates-interface:mergeReleaseJavaResource
> Task :expo-json-utils:lintVitalAnalyzeRelease
> Task :expo-dev-menu:compileReleaseJavaWithJavac
> Task :expo-dev-menu:bundleLibCompileToJarRelease
> Task :expo-dev-menu:bundleLibRuntimeToJarRelease
> Task :expo-dev-menu:bundleLibRuntimeToDirRelease
> Task :expo-dev-menu:processReleaseJavaRes
> Task :expo-dev-menu:createFullJarRelease
> Task :expo-dev-menu:generateReleaseLintModel
> Task :expo-dev-menu:extractReleaseAnnotations
> Task :expo-dev-menu:mergeReleaseGeneratedProguardFiles
> Task :expo-dev-menu:mergeReleaseConsumerProguardFiles
> Task :expo-dev-menu:mergeReleaseJavaResource
> Task :expo-dev-menu:syncReleaseLibJars
> Task :expo-dev-menu:bundleReleaseLocalLintAar
> Task :expo-dev-menu:generateReleaseLintVitalModel

> Task :expo-manifests:compileReleaseKotlin
w: file:///C:/Dev/app-client-react-native/node_modules/expo-manifests/android/src/main/java/expo/modules/manifests/core/EmbeddedManifest.kt:19:16 This declaration overrides a deprecated member but is not marked as deprecated itself. Add the '@Deprecated' annotation or suppress the diagnostic.
w: file:///C:/Dev/app-client-react-native/node_modules/expo-manifests/android/src/main/java/expo/modules/manifests/core/EmbeddedManifest.kt:19:86 'fun getLegacyID(): String' is deprecated. Prefer scopeKey or projectId depending on use case.
w: file:///C:/Dev/app-client-react-native/node_modules/expo-manifests/android/src/main/java/expo/modules/manifests/core/ExpoUpdatesManifest.kt:16:16 This declaration overrides a deprecated member but is not marked as deprecated itself. Add the '@Deprecated' annotation or suppress the diagnostic.
w: file:///C:/Dev/app-client-react-native/node_modules/expo-manifests/android/src/main/java/expo/modules/manifests/core/Manifest.kt:13:3 Deprecations and opt-ins on a method overridden from 'Any' may not be reported.
w: file:///C:/Dev/app-client-react-native/node_modules/expo-manifests/android/src/main/java/expo/modules/manifests/core/Manifest.kt:15:12 'fun getRawJson(): JSONObject' is deprecated. Prefer to use specific field getters.

> Task :expo-log-box:compileReleaseJavaWithJavac
> Task :expo-modules-core:bundleLibRuntimeToDirRelease
> Task :expo-log-box:bundleLibCompileToJarRelease
> Task :expo-log-box:bundleLibRuntimeToJarRelease
> Task :expo-log-box:processReleaseJavaRes
> Task :expo-log-box:createFullJarRelease
> Task :expo-log-box:bundleLibRuntimeToDirRelease
> Task :expo-log-box:generateReleaseLintModel
> Task :expo-log-box:extractReleaseAnnotations
> Task :expo-log-box:mergeReleaseGeneratedProguardFiles
> Task :expo-log-box:mergeReleaseConsumerProguardFiles
> Task :expo-log-box:mergeReleaseJavaResource
> Task :expo-log-box:generateReleaseLintVitalModel
> Task :expo-log-box:syncReleaseLibJars
> Task :expo-log-box:bundleReleaseLocalLintAar
> Task :expo-manifests:compileReleaseJavaWithJavac
> Task :expo-manifests:bundleLibCompileToJarRelease
> Task :expo-manifests:bundleLibRuntimeToJarRelease
> Task :expo-manifests:processReleaseJavaRes
> Task :expo-manifests:createFullJarRelease
> Task :expo-manifests:bundleLibRuntimeToDirRelease
> Task :expo-manifests:generateReleaseLintModel
> Task :expo-manifests:extractReleaseAnnotations
> Task :expo-manifests:mergeReleaseGeneratedProguardFiles
> Task :expo-manifests:mergeReleaseConsumerProguardFiles
> Task :expo-manifests:generateReleaseLintVitalModel
> Task :expo-manifests:mergeReleaseJavaResource
> Task :expo-manifests:syncReleaseLibJars
> Task :expo-manifests:bundleReleaseLocalLintAar
> Task :expo-dev-menu:lintVitalAnalyzeRelease
> Task :expo-updates-interface:generateReleaseLintVitalModel
> Task :expo-updates-interface:syncReleaseLibJars
> Task :expo-updates-interface:bundleReleaseLocalLintAar
> Task :expo-log-box:lintVitalAnalyzeRelease
> Task :react-native-screens:lintVitalAnalyzeRelease
> Task :expo-constants:compileReleaseJavaWithJavac
> Task :expo-constants:bundleLibCompileToJarRelease
> Task :expo-constants:bundleLibRuntimeToJarRelease
> Task :expo-constants:bundleLibRuntimeToDirRelease
> Task :expo-constants:processReleaseJavaRes
> Task :expo-constants:createFullJarRelease
> Task :expo-constants:generateReleaseLintModel
> Task :expo-constants:extractReleaseAnnotations
> Task :expo-constants:mergeReleaseGeneratedProguardFiles
> Task :expo-constants:mergeReleaseConsumerProguardFiles
> Task :expo-constants:mergeReleaseJavaResource
> Task :expo-constants:generateReleaseLintVitalModel
> Task :expo-constants:syncReleaseLibJars
> Task :expo-constants:bundleReleaseLocalLintAar
> Task :expo-manifests:lintVitalAnalyzeRelease
> Task :expo-constants:lintVitalAnalyzeRelease
> Task :expo-dev-launcher:compileReleaseJavaWithJavac
> Task :expo-dev-launcher:bundleLibCompileToJarRelease
> Task :expo-dev-launcher:bundleLibRuntimeToJarRelease
> Task :expo-dev-launcher:bundleLibRuntimeToDirRelease
> Task :expo-dev-launcher:processReleaseJavaRes
> Task :expo-dev-launcher:createFullJarRelease
> Task :expo-dev-launcher:generateReleaseLintModel
> Task :expo-dev-launcher:extractReleaseAnnotations
> Task :expo-dev-launcher:mergeReleaseGeneratedProguardFiles
> Task :expo-dev-launcher:mergeReleaseConsumerProguardFiles
> Task :expo-dev-launcher:mergeReleaseJavaResource
> Task :expo-dev-launcher:generateReleaseLintVitalModel
> Task :expo-dev-launcher:syncReleaseLibJars
> Task :expo-dev-launcher:bundleReleaseLocalLintAar
> Task :expo-updates-interface:lintVitalAnalyzeRelease
> Task :expo-dev-launcher:lintVitalAnalyzeRelease

> Task :expo:compileReleaseKotlin
w: file:///C:/Dev/app-client-react-native/node_modules/expo/android/src/main/java/expo/modules/ExpoModulesPackage.kt:34:16 This declaration overrides a deprecated member but is not marked as deprecated itself. Add the '@Deprecated' annotation or suppress the diagnostic.
w: file:///C:/Dev/app-client-react-native/node_modules/expo/android/src/main/java/expo/modules/ReactActivityDelegateWrapper.kt:22:8 'class ReactInstanceManager : Any' is deprecated. Deprecated in Java.
w: file:///C:/Dev/app-client-react-native/node_modules/expo/android/src/main/java/expo/modules/ReactActivityDelegateWrapper.kt:102:16 This declaration overrides a deprecated member but is not marked as deprecated itself. Add the '@Deprecated' annotation or suppress the diagnostic.
w: file:///C:/Dev/app-client-react-native/node_modules/expo/android/src/main/java/expo/modules/ReactActivityDelegateWrapper.kt:102:43 'class ReactInstanceManager : Any' is deprecated. Deprecated in Java.
w: file:///C:/Dev/app-client-react-native/node_modules/expo/android/src/main/java/expo/modules/ReactActivityDelegateWrapper.kt:103:21 'val reactInstanceManager: ReactInstanceManager' is deprecated. Deprecated in Java.
w: file:///C:/Dev/app-client-react-native/node_modules/expo/android/src/main/java/expo/modules/fetch/ExpoFetchModule.kt:32:39 'constructor(reactContext: ReactContext): ForwardingCookieHandler' is deprecated. Use the default constructor.
w: file:///C:/Dev/app-client-react-native/node_modules/expo/android/src/main/java/expo/modules/fetch/NativeResponse.kt:42:16 This declaration overrides a deprecated member but is not marked as deprecated itself. Add the '@Deprecated' annotation or suppress the diagnostic.
w: file:///C:/Dev/app-client-react-native/node_modules/expo/android/src/main/java/expo/modules/fetch/NativeResponse.kt:44:11 'fun deallocate(): Unit' is deprecated. Use sharedObjectDidRelease() instead.

> Task :app:processReleaseManifestForPackage
> Task :app:configureCMakeRelWithDebInfo[arm64-v8a]
> Task :expo:compileReleaseJavaWithJavac
> Task :expo:bundleLibCompileToJarRelease
> Task :expo:processReleaseJavaRes
> Task :expo:bundleLibRuntimeToJarRelease
> Task :expo:generateReleaseLintModel
> Task :expo:createFullJarRelease
> Task :expo:extractReleaseAnnotations
> Task :expo:mergeReleaseGeneratedProguardFiles
> Task :expo:mergeReleaseConsumerProguardFiles
> Task :expo:mergeReleaseJavaResource
> Task :expo:bundleLibRuntimeToDirRelease
> Task :expo:syncReleaseLibJars
> Task :expo:bundleReleaseLocalLintAar
> Task :expo:generateReleaseLintVitalModel
> Task :expo-modules-core:lintVitalAnalyzeRelease
> Task :expo:lintVitalAnalyzeRelease
> Task :react-native-reanimated:buildCMakeRelWithDebInfo[armeabi-v7a][reanimated]
> Task :react-native-reanimated:buildCMakeRelWithDebInfo[x86][reanimated]
> Task :react-native-reanimated:buildCMakeRelWithDebInfo[x86_64][reanimated]
> Task :react-native-reanimated:externalNativeBuildRelease
> Task :react-native-reanimated:prefabReleasePackage
> Task :react-native-reanimated:generateReleaseLintModel
> Task :react-native-reanimated:generateReleaseLintVitalModel
> Task :react-native-reanimated:mergeReleaseNativeLibs
> Task :react-native-gesture-handler:buildCMakeRelWithDebInfo[arm64-v8a]
> Task :react-native-gesture-handler:configureCMakeRelWithDebInfo[armeabi-v7a]
> Task :react-native-reanimated:stripReleaseDebugSymbols
> Task :react-native-reanimated:copyReleaseJniLibsProjectOnly
> Task :react-native-gesture-handler:buildCMakeRelWithDebInfo[armeabi-v7a]
> Task :react-native-gesture-handler:configureCMakeRelWithDebInfo[x86]
> Task :react-native-reanimated:copyReleaseJniLibsProjectAndLocalJars
> Task :react-native-gesture-handler:buildCMakeRelWithDebInfo[x86]
> Task :react-native-gesture-handler:configureCMakeRelWithDebInfo[x86_64]
> Task :react-native-reanimated:lintVitalAnalyzeRelease
> Task :react-native-gesture-handler:buildCMakeRelWithDebInfo[x86_64]
> Task :react-native-gesture-handler:mergeReleaseNativeLibs
> Task :react-native-gesture-handler:generateReleaseLintModel
> Task :react-native-gesture-handler:copyReleaseJniLibsProjectOnly
> Task :react-native-gesture-handler:generateReleaseLintVitalModel
> Task :react-native-gesture-handler:stripReleaseDebugSymbols
> Task :react-native-gesture-handler:copyReleaseJniLibsProjectAndLocalJars
> Task :react-native-gesture-handler:bundleReleaseLocalLintAar
> Task :react-native-reanimated:bundleReleaseLocalLintAar
> Task :react-native-gesture-handler:lintVitalAnalyzeRelease
> Task :app:mergeExtDexRelease
> Task :app:buildCMakeRelWithDebInfo[arm64-v8a]
> Task :app:configureCMakeRelWithDebInfo[armeabi-v7a]
> Task :app:buildCMakeRelWithDebInfo[armeabi-v7a]
> Task :app:configureCMakeRelWithDebInfo[x86]
> Task :app:buildCMakeRelWithDebInfo[x86]
> Task :app:configureCMakeRelWithDebInfo[x86_64]
> Task :app:buildCMakeRelWithDebInfo[x86_64]
> Task :app:mergeReleaseJniLibFolders
> Task :app:writeReleaseAppMetadata
> Task :app:mergeReleaseArtProfile
> Task :app:collectReleaseDependencies
> Task :app:configureReleaseDependencies
> Task :app:extractProguardFiles
> Task :app:validateSigningRelease
> Task :app:parseReleaseIntegrityConfig
> Task :app:processReleaseResources
> Task :app:mergeReleaseNativeLibs
> Task :app:bundleReleaseResources
> Task :app:compileReleaseKotlin
> Task :app:stripReleaseDebugSymbols
> Task :app:compileReleaseJavaWithJavac
> Task :app:dexBuilderRelease
> Task :app:processReleaseJavaRes
> Task :app:mergeReleaseGlobalSynthetics
> Task :app:generateReleaseLintVitalReportModel
> Task :app:extractReleaseNativeSymbolTables
> Task :app:mergeReleaseJavaResource
> Task :app:lintVitalAnalyzeRelease
> Task :app:lintVitalReportRelease
> Task :app:lintVitalRelease
> Task :app:mergeDexRelease
> Task :app:buildReleasePreBundle
> Task :app:compileReleaseArtProfile
> Task :app:packageReleaseBundle
> Task :app:signReleaseBundle
> Task :app:produceReleaseBundleIdeListingFile
> Task :app:createReleaseBundleListingFileRedirect
> Task :app:bundleRelease

[Incubating] Problems report is available at: file:///C:/Dev/app-client-react-native/android/build/reports/problems/problems-report.html

Deprecated Gradle features were used in this build, making it incompatible with Gradle 10.

You can use '--warning-mode all' to show the individual deprecation warnings and determine if they come from your own scripts or plugins.

For more on this, please refer to https://docs.gradle.org/9.3.1/userguide/command_line_interface.html#sec:command_line_warnings in the Gradle documentation.

BUILD SUCCESSFUL in 7m 26s
909 actionable tasks: 877 executed, 32 up-to-date
